identifier,smiles
CNP0028858.1,O=C(OC[C@H]1O[C@@H](OC2=CC(O)=C3C(=C2)O[C@H](C2=CC(O)=C(O)C(O)=C2)[C@H](OC(=O)C2=CC(O)=C(O)C(O)=C2)[C@H]3C2=C(O)C=C(O)C3=C2O[C@H](C2=CC=C(O)C(O)=C2)[C@H](OC(=O)C2=CC(O)=C(O)C(O)=C2)[C@H]3C2=C(O)C=C(O)C3=C2O[C@H](C2=CC(O)=C(O)C(O)=C2)[C@H](OC(=O)C2=CC(O)=C(O)C(O)=C2)[C@H]3C2=C(O)C=C(O)C3=C2O[C@H](C2=CC=C(O)C(O)=C2)[C@H](OC(=O)C2=CC(O)=C(O)C(O)=C2)[C@H]3C2=C(O)C=C(O[C@@H]3O[C@H](CO)[C@@H](O)[C@H](O)[C@H]3O)C3=C2O[C@H](C2=CC(O)=C(O)C(O)=C2)[C@H](OC(=O)C2=CC(O)=C(O)C(O)=C2)C3)[C@H](O)[C@@H](O)[C@@H]1O)C1=CC(O)=C(O)C(O)=C1
CNP0038051.1,O=C(O[C@@H]1[C@@H](C2=C(O)C=C(O)C3=C2O[C@H](C2=CC(O)=C(O)C(O)=C2)[C@H](OC(=O)C2=CC(O)=C(O)C(O)=C2)[C@H]3C2=C(O)C=C(O)C3=C2O[C@H](C2=CC(O)=C(O)C(O)=C2)[C@H](OC(=O)C2=CC(O)=C(O)C(O)=C2)[C@H]3C2=C(O)C=C(O)C3=C2O[C@H](C2=CC=C(O)C(O)=C2)[C@@H](O)C3)C2=C(O)C=C(O)C([C@H]3C4=C(O)C=C(O)C([C@H]5C6=C(O)C=C(O)C([C@H]7C8=C(O)C=C(O)C=C8O[C@H](C8=CC=C(O)C=C8)[C@@H]7O)=C6O[C@H](C6=CC(O)=C(O)C(O)=C6)[C@@H]5OC(=O)C5=CC(O)=C(O)C(O)=C5)=C4O[C@H](C4=CC(O)=C(O)C(O)=C4)[C@@H]3OC(=O)C3=CC(O)=C(O)C(O)=C3)=C2O[C@@H]1C1=CC(O)=C(O)C(O)=C1)C1=CC(O)=C(O)C(O)=C1
CNP0039340.1,O=C(OC[C@H]1O[C@@H](OC[C@H]2O[C@@H](OC[C@H]3O[C@@H](OC[C@H]4O[C@@H](OC5=CC(O)=C6C(=C5)O[C@H](C5=CC=C(O)C(O)=C5)[C@H](O)[C@H]6C5=C(O)C=C6O[C@H](C7=CC(O)=C(O)C(O)=C7)[C@H](O)[C@@H](C7=C(O)C=C8O[C@H](C9=CC(O)=C(O)C(O)=C9)[C@H](O)[C@@H](C9=C(O)C=C%10O[C@H](C%11=CC(O)=C(O)C(O)=C%11)[C@H](O)CC%10=C9O)C8=C7O)C6=C5O)[C@H](O)[C@@H](O)[C@@H]4O)[C@H](O)[C@@H](O)[C@@H]3O)[C@H](O)[C@@H](O)[C@@H]2O)[C@H](O)[C@@H](O)[C@@H]1O)C1=CC(O)=C(O)C(OC(=O)C2=CC(O)=C(O)C(OC(=O)C3=CC(O)=C(O)C(O)=C3)=C2)=C1
CNP0040081.1,COC(=O)CCCCCCCCO[C@@H]1O[C@H](COCC2=CC=CC=C2)[C@@H](O[C@H]2O[C@@H](COC(=O)C3=CC=CC=C3)[C@@H](OC(C)=O)[C@@H](O[C@@H]3O[C@@H](COCC4=CC=CC=C4)[C@H](OCC4=CC=CC=C4)[C@H](OCC4=CC=CC=C4)[C@@H]3OCC3=CC=CC=C3)[C@@H]2OC(=O)C2=CC=CC=C2)[C@H](OCC2=CC=CC=C2)[C@@H]1NC(C)=O
CNP0040081.2,COC(=O)CCCCCCCCO[C@@H]1O[C@H](COCC2=CC=CC=C2)[C@@H](O[C@H]2O[C@@H](COC(=O)C3=CC=CC=C3)[C@H](OC(C)=O)[C@@H](O[C@H]3O[C@@H](COCC4=CC=CC=C4)[C@H](OCC4=CC=CC=C4)[C@@H](OCC4=CC=CC=C4)[C@@H]3OCC3=CC=CC=C3)[C@@H]2OC(=O)C2=CC=CC=C2)[C@H](OCC2=CC=CC=C2)[C@H]1NC(C)=O
CNP0044278.1,O=C(OC[C@H]1O[C@@H](OC2=CC(O)=C([C@H]3C4=C(O)C=C(O)C([C@H]5C6=C(O)C=C(O)C([C@H]7C8=C(O)C=C(O[C@@H]9O[C@H](CO[C@@H]%10O[C@H](CO)[C@@H](O)[C@H](O)[C@H]%10O)[C@@H](O)[C@H](O)[C@H]9O)C=C8O[C@H](C8=CC(O)=C(O)C(O)=C8)[C@@H]7OC(=O)C7=CC(O)=C(O)C(O)=C7)=C6O[C@H](C6=CC(O)=C(O)C(O)=C6)[C@@H]5OC(=O)C5=CC(O)=C(O)C(O)=C5)=C4O[C@H](C4=CC(O)=C(O)C(O)=C4)[C@@H]3OC(=O)C3=CC(O)=C(O)C(O)=C3)C3=C2C[C@@H](OC(=O)C2=CC(O)=C(O)C(O)=C2)[C@@H](C2=CC=C(O)C(O)=C2)O3)[C@H](O)[C@@H](O)[C@@H]1O)C1=CC(O)=C(O)C(O)=C1
CNP0051894.2,O=C(O)CC(=O)OC[C@H]1O[C@@H](OC2=C(C3=CC=C(O)C(O[C@@H]4O[C@H](COC(=O)C=CC5=CC=C(O[C@@H]6O[C@H](COC(=O)C=CC7=CC=C(O[C@@H]8O[C@H](CO)[C@@H](O)[C@H](O)[C@H]8O)C(O)=C7)[C@@H](O)[C@H](O)[C@H]6O)C(O)=C5)[C@@H](O)[C@H](O)[C@H]4O)=C3)OC3=CC(O[C@@H]4O[C@H](COC(=O)C=CC5=CC=C(O)C(O)=C5)[C@@H](O)[C@H](O)[C@H]4O)=CC(O)=C3C2)[C@H](O)[C@@H](O)[C@@H]1O
CNP0054486.1,O=C(O[C@@H]1[C@@H](C2=C(O)C=C(O)C3=C2O[C@H](C2=CC(O)=C(O)C(O)=C2)[C@H](O)[C@H]3C2=C(O)C=C(O)C3=C2O[C@H](C2=CC(O)=C(O)C(O)=C2)[C@H](O)[C@H]3C2=C(O)C=C(O)C3=C2O[C@H](C2=CC(O)=C(O)C(O)=C2)[C@H](O)[C@H]3C2=C(O)C=C(O)C3=C2O[C@H](C2=CC(O)=C(O)C(O)=C2)[C@H](O)[C@H]3C2=C(O)C=C(O)C3=C2O[C@H](C2=CC(O)=C(O)C(O)=C2)[C@@H](O)C3)C2=C(O)C=C(O[C@@H]3O[C@H](CO[C@@H]4O[C@H](CO[C@@H]5O[C@H](CO)[C@@H](O)[C@H](O)[C@H]5O)[C@@H](O)[C@H](O)[C@H]4O)[C@@H](O)[C@H](O)[C@H]3O)C=C2O[C@@H]1C1=CC(O)=C(O)C(O)=C1)C1=CC(O)=C(O)C(O)=C1
CNP0058780.1,O=C(OC1=CC=C([C@H]2OC3=C(C(O)=CC(O)=C3[C@H]3C4=C(O[C@H](C5=CC(OC(=O)C6=CC(O)=C(O)C(O)=C6)=C(OC(=O)C6=CC(O)=C(O)C(O)=C6)C(OC(=O)C6=CC(O)=C(O)C(O)=C6)=C5)[C@H]3OC(=O)C3=CC(O)=C(O)C(O)=C3)C([C@H]3C5=C(O)C=C(O)C=C5O[C@H](C5=CC=C(O)C(O)=C5)[C@H]3O)=C(O)C=C4OC(=O)C3=CC(O)=C(O)C(O)=C3)[C@H](C3=C(O)C=C(O)C4=C3O[C@@H](C3=CC(O)=C(O)C(O)=C3)[C@H](O)C4)[C@@H]2OC(=O)C2=CC(O)=C(O)C(O)=C2)C=C1OC(=O)C1=CC(O)=C(O)C(O)=C1)C1=CC(O)=C(O)C(O)=C1
CNP0063271.1,O=C(OC1=CC([C@H]2OC3=C(C(O)=CC(O)=C3[C@H]3C4=C(O)C=C(O)C([C@H]5C6=C(O)C=C(O)C=C6O[C@H](C6=CC=C(O)C(O)=C6)[C@H]5O)=C4O[C@H](C4=CC(OC(=O)C5=CC(O)=C(O)C(O)=C5)=C(OC(=O)C5=CC(O)=C(O)C(O)=C5)C(OC(=O)C5=CC(O)=C(O)C(O)=C5)=C4)[C@H]3O)[C@H](C3=C(O)C=C(O)C4=C3O[C@@H](C3=CC=C(O)C(O)=C3)[C@H](O)C4)[C@@H]2O)=CC(OC(=O)C2=CC(O)=C(O)C(O)=C2)=C1OC(=O)C1=CC(O)=C(O)C(O)=C1)C1=CC(O)=C(O)C(O)=C1
CNP0067647.1,O=C(OC[C@H]1O[C@@H](OC[C@H]2O[C@@H](OC[C@H]3O[C@@H](OC[C@H]4O[C@@H](OC[C@H]5O[C@@H](OC6=CC(O)=C7C(=C6)O[C@H](C6=CC=C(O)C(O)=C6)[C@@H](O)[C@@H]7C6=C(O)C=C(O)C7=C6O[C@H](C6=CC(O)=C(O)C(O)=C6)[C@H](O)[C@H]7C6=C(O)C=C(O)C7=C6O[C@H](C6=CC=C(O)C(O)=C6)[C@@H](O)[C@@H]7C6=C(O)C=C(O)C7=C6O[C@H](C6=CC(O)=C(O)C(O)=C6)[C@H](O)[C@H]7C6=C(O)C=C(O)C7=C6O[C@H](C6=CC(O)=C(O)C(O)=C6)[C@H](O)[C@H]7C6=C(O)C=C(O)C7=C6O[C@H](C6=CC(O)=C(O)C(O)=C6)[C@H](O)C7)[C@H](O)[C@@H](O)[C@@H]5O)[C@H](O)[C@@H](O)[C@@H]4O)[C@H](O)[C@@H](O)[C@@H]3O)[C@H](O)[C@@H](O)[C@@H]2O)[C@H](O)[C@@H](O)[C@@H]1O)C1=CC(O)=C(O)C(O)=C1
CNP0072827.1,C[C@H]1CC/C(O)=C2/C(=O)O[C@]34C[C@H](C)[C@@](C)(OC3=O)[C@@H](O)[C@@H]4[C@@H]2CC(=O)O1
CNP0076012.1,COC(=O)[C@H]1/N=C(/O)[C@H]2/N=C(\O)[C@H](/N=C(\O)[C@H]3/N=C(\O)[C@@H]4/N=C(\O)[C@@H](/N=C(\O)[C@@H](N)C5=CC=C(O)C(=C5)OC5=CC4=CC(O)=C5C)[C@H](O)C4=CC=C(C=C4)OC4=CC3=CC(=C4O[C@@H]3O[C@H](CO[C@H]4O[C@H](C)[C@H](O)[C@@H](O)[C@H]4O)[C@H](O)[C@@H](O)[C@@H]3O[C@H]3O[C@@H](CO)[C@@H](O)[C@H](O)[C@@H]3O[C@H]3CO[C@@H](O)[C@H](O)[C@@H]3O)OC3=CC=C(C=C3)[C@H]2O[C@@H]2C[C@@H](N)[C@H](O)[C@@H](C)O2)C2=CC(=C(O)C=C2)C2=C(O[C@H]3O[C@H](CO)[C@@H](O)[C@@H](O)[C@H]3O)C=C(O)C=C21
CNP0076532.2,CC1=C2[C@@H](OC1=O)[C@H](O)[C@@]13[C@H]4C[C@@H](C(C)(C)C)[C@]15[C@@H](OC(=O)[C@@H]5O)O[C@]23C(=O)O4
CNP0077631.1,C=CCC/C=C/C=C/C=C/CC/C=C/[C@H](O)[C@@H](O)[C@H]1O[C@@H]([C@@H](O)[C@@H](O)C(=C)CC[C@@H](O)[C@H]2C[C@@H](O)[C@H](O)[C@@H]([C@@H](O)[C@@H](O)/C=C(\C)CC[C@@H](O)C[C@@H](O)[C@@H](O)[C@H](C)C[C@H](O)[C@H](O)CCCCC[C@H](O)CCC[C@@H](O)/C=C/C[C@@H](O)/C=C/C[C@H](O)CO)O2)C[C@@H](O)[C@@H]1O
CNP0078580.1,CCO[C@H]1OC[C@]23CCC[C@]1(C)[C@@H]2CC[C@]1(C)[C@@H]3CC[C@](C)(O)[C@H]1CC1=CC(O)=CC=C1O
CNP0078697.1,CCO[C@H]1OC[C@]23CCC[C@]1(C)[C@@H]2CC[C@]1(C)[C@@H]3CC[C@]2(C)OC3=CC=C(O)C=C3C[C@@H]12
CNP0081224.1,COC1=CC(/C=C/C(=O)OC[C@H]2O[C@@](COC(=O)/C=C/C3=CC=C(O)C(OC)=C3)(O[C@H]3O[C@H](CO)[C@H](O)[C@H](O)[C@H]3O)[C@@H](O)[C@@H]2OC(=O)/C=C/C2=CC=C(O)C(OC)=C2)=CC=C1O
CNP0081228.1,COC1=CC(/C=C/C(=O)OC[C@H]2O[C@@](COC(=O)/C=C/C3=CC=C(O)C=C3)(O[C@H]3O[C@H](CO)[C@@H](O)[C@H](O)[C@H]3OC(C)=O)[C@@H](O)[C@@H]2OC(=O)/C=C/C2=CC=C(O)C=C2)=CC=C1O
CNP0299807.1,COC1=CC(C=CC(=O)O[C@H]2[C@H](O[C@@H]3O[C@H](CO)[C@@H](O)[C@H](O)[C@H]3O)[C@@H](O[C@H]3OC[C@@H](O)[C@@H](O)[C@@H]3O)[C@H](OCCC3=CC=C(O)C(O)=C3)O[C@@H]2CO[C@@H]2O[C@H](CO)[C@@H](O)[C@H](O)[C@H]2O)=CC=C1O
CNP0299807.2,COC1=CC(/C=C/C(=O)O[C@H]2[C@H](O[C@@H]3O[C@H](CO)[C@@H](O)[C@H](O)[C@H]3O)[C@@H](O[C@H]3OC[C@@H](O)[C@@H](O)[C@@H]3O)[C@H](OCCC3=CC=C(O)C(O)=C3)O[C@@H]2CO[C@@H]2O[C@H](CO)[C@@H](O)[C@H](O)[C@H]2O)=CC=C1O
CNP0302243.1,CC(=O)OC1=CC(OC(C)=O)=C2C(=C1)O[C@H](C1=CC(OC(C)=O)=C(OC(C)=O)C(OC(C)=O)=C1)[C@H](OC(C)=O)[C@@H]2C1=C(OC(C)=O)C=C(OC(C)=O)C2=C1O[C@H](C1=CC(OC(C)=O)=C(OC(C)=O)C(OC(C)=O)=C1)[C@H](OC(=O)C1=CC(OC(C)=O)=C(OC(C)=O)C(OC(C)=O)=C1)C2
CNP0302243.2,CC(=O)OC1=CC(OC(C)=O)=C2C(=C1)O[C@H](C1=CC(OC(C)=O)=C(OC(C)=O)C(OC(C)=O)=C1)[C@H](OC(C)=O)[C@H]2C1=C(OC(C)=O)C=C(OC(C)=O)C2=C1O[C@H](C1=CC(OC(C)=O)=C(OC(C)=O)C(OC(C)=O)=C1)[C@H](OC(=O)C1=CC(OC(C)=O)=C(OC(C)=O)C(OC(C)=O)=C1)C2
CNP0307545.1,O=C(OC[C@H]1O[C@@H](OC[C@H]2O[C@@H](OC[C@H]3O[C@@H](OC4=CC(O)=C5C(=C4)O[C@H](C4=CC(O)=C(O)C(O)=C4)[C@@H](O)[C@@H]5C4=C(O)C=C(O)C5=C4O[C@H](C4=CC=C(O)C(O)=C4)[C@H](O)[C@H]5C4=C(O)C=C(O)C5=C4O[C@H](C4=CC=C(O)C(O)=C4)[C@H](O)[C@H]5C4=C(O)C=C(O)C5=C4O[C@H](C4=CC=C(O)C(O)=C4)[C@@H](O)[C@@H]5C4=C(O)C=C(O[C@@H]5O[C@H](CO[C@@H]6O[C@H](CO[C@@H]7O[C@H](COC(=O)C8=CC(O)=C(O)C(O)=C8)[C@@H](O)[C@H](O)[C@H]7O)[C@@H](O)[C@H](O)[C@H]6O)[C@@H](O)[C@H](O)[C@H]5O)C5=C4O[C@H](C4=CC=C(O)C(O)=C4)[C@@H](O)C5)[C@H](O)[C@@H](O)[C@@H]3O)[C@H](O)[C@@H](O)[C@@H]2O)[C@H](O)[C@@H](O)[C@@H]1O)C1=CC(O)=C(O)C(O)=C1
CNP0307739.0,CCCC(=O)OCC(OC(=O)CCC)C(OC(=O)CCC)C(CN1C2=NC(=O)NC(=O)C2=NC2=CC(C)=C(C)C=C21)OC(=O)CCC
CNP0309327.2,C[C@]12C(=O)C=CC=C1[C@@H](O)C[C@@H]1[C@@H]2CC[C@]2(O)C(=O)O[C@@]3(C)[C@H]4C[C@@]5(C)[C@H]6C(=O)[C@@]1(OC[C@H]5C(=O)O4)O[C@@]632
CNP0309327.6,C[C@@]12C(=O)C=CC=C1[C@@H](O)C[C@@H]1[C@@H]2CC[C@]2(O)C(=O)O[C@@]3(C)[C@@H]4C[C@]5(C)[C@@H](CO[C@]16O[C@@]32[C@H]5C6=O)C(=O)O4
CNP0317490.1,COC1=CC2=C(C3=C1C(=O)C1=CC=CC=C1N3C)[C@H]1O[C@H]1C(C)(C)O2
CNP0320679.1,OC1=CC(O)=C2C(=C1)O[C@]1(C3=CC=C(O)C(O)=C3)OC3=C4C(=C5C(=C3[C@@H]2[C@H]1O)O[C@@]1(C2=CC=C(O)C(O)=C2)OC2=CC(O)=CC(O)=C2[C@H]5[C@H]1O)O[C@H](C1=CC=C(O)C(O)=C1)[C@H](O)[C@H]4C1=C(O)C=C(O)C2=C1O[C@H](C1=CC=C(O)C(O)=C1)[C@H](O)C2
CNP0321711.1,CCN[C@H]1CO[C@@H](O[C@H]2[C@H](O[C@H]3C#C/C=C\C#C[C@]4(O)CC(=O)C(NC(=O)OC)=C3/C4=C\CSSSC)O[C@H](C)[C@@](SC)(C(=O)C3=NC=CC4=C3NC3=CC=C(O)C=C34)[C@@H]2O)C[C@@H]1OC
CNP0325107.1,C=C(C)[C@H]1CC(=O)C[C@@]23O[C@@]4(C)C[C@@H]5OC(=O)[C@@H]([C@@H]5[C@@H]4C2=O)[C@@H]3C1
CNP0325107.3,C=C(C)[C@@H]1CC(=O)C[C@]23O[C@]4(C)C[C@H]5OC(=O)[C@H]([C@H]5[C@H]4C2=O)[C@H]3C1
CNP0329495.1,CN1CC[C@]23C4=CC=CC=C4N=C1[C@]21CCN(C)[C@@H]3NC2=CC=CC=C21
CNP0332863.1,COC1=CC(/C=C/C(=O)OC[C@H]2O[C@@](COC(=O)/C=C/C3=CC=C(O)C=C3)(O[C@H]3O[C@H](CO)[C@@H](O)[C@H](O)[C@H]3OC(C)=O)[C@@H](O)[C@@H]2OC(=O)/C=C/C2=CC=C(O)C(OC)=C2)=CC=C1O
CNP0334398.1,COC1=CC(/C=C/C(=O)OC[C@H]2O[C@@](COC(=O)/C=C/C3=CC=C(O)C=C3)(O[C@H]3O[C@H](CO)[C@@H](O)[C@H](O)[C@H]3OC(C)=O)[C@@H](OC(=O)/C=C/C3=CC=C(O)C=C3)[C@@H]2O)=CC=C1O
CNP0234972.1,COC1=CC(/C=C/C(=O)OC[C@H]2O[C@@](COC(=O)/C=C/C3=CC=C(O)C=C3)(O[C@H]3O[C@H](CO)[C@@H](O)[C@H](O)[C@H]3OC(C)=O)[C@@H](OC(=O)/C=C/C3=CC=C(O)C(OC)=C3)[C@@H]2O)=CC=C1O
CNP0235120.1,C=CCC/C=C/C=C/C=C/CC/C=C/[C@H](O)[C@@H](O)[C@H]1O[C@@H]([C@@H](O)[C@@H](O)C(=C)CC[C@@H](O)[C@H]2C[C@@H](O)[C@H](O)[C@@H]([C@@H](O)[C@@H](O)/C=C(\C)CC[C@@H](O)C[C@@H](O)[C@@H](O)[C@@H](C)C[C@@H](O)C[C@@H](C)/C=C(\C)C[C@@H](O)C[C@@H](C)C[C@H](O)[C@H]3C[C@@H](O)[C@H](O)[C@@H](C[C@H](O)C[C@H](O)CO)O3)O2)C[C@@H](O)[C@@H]1O
CNP0236970.2,C[C@@H]1O[C@@H](O[C@H]2[C@H](O)[C@@H](COC(=O)/C=C/C3=CC=C(O)C(O)=C3)O[C@@H](OCCC3=CC=C(O)C(O)=C3)[C@@H]2O[C@@H]2OC[C@](O)(CO)[C@@H]2O)[C@H](O)[C@H](O)[C@H]1O
CNP0239145.1,CC(=O)OC1=CC(OC(C)=O)=C2C(=C1)O[C@H](C1=CC(OC(C)=O)=C(OC(C)=O)C(OC(C)=O)=C1)[C@H](OC(=O)C1=CC(OC(C)=O)=C(OC(C)=O)C(OC(C)=O)=C1)[C@H]2C1=C(OC(C)=O)C=C2O[C@H](C3=CC(OC(C)=O)=C(OC(C)=O)C(OC(C)=O)=C3)[C@@H](OC(C)=O)CC2=C1OC(C)=O
CNP0243746.10,CC[C@@H]1[C@@H](O)N2C3C[C@H]1C1[C@@H]2C[C@]2(C4=CC=CC=C4N(C)[C@@H]32)[C@H]1O
CNP0243746.14,CC[C@H]1[C@H]2C[C@H]3[C@@H]4N(C)C5=CC=CC=C5[C@]45C[C@@H]([C@H]2[C@H]5O)N3[C@@H]1O
CNP0243746.18,CC[C@@H]1[C@H]2C[C@H]3[C@@H]4N(C)C5=CC=CC=C5[C@]45C[C@@H](C2[C@H]5O)N3[C@H]1O
CNP0243746.2,CC[C@@H]1[C@@H](O)N2[C@@H]3C[C@H]1C1[C@@H](O)[C@]4(C[C@@H]12)C1=CC=CC=C1N(C)[C@H]34
CNP0243746.20,CC[C@H]1[C@H]2C[C@H]3[C@@H]4N(C)C5=CC=CC=C5[C@]45C[C@@H]([C@@H]2[C@@H]5O)N3[C@@H]1O
CNP0243746.21,CC[C@H]1[C@H]2C[C@H]3[C@@H]4N(C)C5=CC=CC=C5[C@]45C[C@@H]([C@H]2[C@H]5O)N3[C@H]1O
CNP0243746.22,CC[C@H]1[C@H]2C[C@H]3[C@@H]4N(C)C5=CC=CC=C5[C@]45C[C@@H]([C@@H]2[C@H]5O)N3[C@@H]1O
CNP0243746.24,CC[C@H]1[C@H]2C[C@@H]3[C@H]4N(C)C5=CC=CC=C5[C@]45C[C@@H]([C@@H]2[C@@H]5O)N3[C@@H]1O
CNP0243746.29,CC[C@@H]1[C@H]2C[C@H]3[C@@H]4N(C)C5=CC=CC=C5[C@@]45C[C@@H]([C@@H]2[C@H]5O)N3[C@H]1O
CNP0243746.30,CC[C@@H]1[C@H]2C[C@H]3[C@@H]4N(C)C5=CC=CC=C5[C@@]45C[C@@H]([C@@H]2[C@@H]5O)N3[C@@H]1O
CNP0243746.31,CC[C@H]1C2C[C@H]3[C@@H]4N(C)C5=CC=CC=C5C45C[C@H](C2[C@H]5O)N3[C@@H]1O
CNP0243746.34,CC[C@H]1[C@H]2C[C@H]3[C@@H]4N(C)C5=CC=CC=C5[C@]45C[C@@H]([C@@H]2[C@H]5O)N3[C@H]1O
CNP0243746.35,CC[C@@H]1[C@H]2C[C@H]3[C@@H]4N(C)C5=CC=CC=C5[C@@]45C[C@@H]([C@H]2[C@H]5O)N3[C@@H]1O
CNP0243746.36,CC[C@@H]1[C@H]2C[C@@H]3[C@H]4N(C)C5=CC=CC=C5[C@@]45C[C@@H]([C@H]2[C@H]5O)N3[C@@H]1O
CNP0439177.1,CC1=NC(C2=CC=CS2)=CC([C@@H]2C[N@@]3CC[C@H]2C[C@@H]3CNC(=O)CC2(CC(=O)O)CCCC2)=N1
CNP0443620.1,CN[C@]1(O)CCO[C@H]2C[C@](O)(C(=O)O)[C@H](CC3=CC=CC=C3)[C@@H](OC(=O)CC(=O)C3=CC=C(O)C(O)=C3)[C@@]21OC(=O)C=CC1=CC=C(O)C(O)=C1
CNP0446866.1,C=C(CC[C@@H](O)[C@H]1C[C@@H](O)[C@@H](O)[C@H]([C@@H](O)[C@H](O)/C=C(\C)CC[C@H](O)C[C@H](O)[C@H](O)[C@@H](C)C[C@H](O)C(O)CC(C)CC/C=C/CC(CO)OS(=O)(=O)[O-])O1)[C@@H](O)[C@@H](O)[C@H]1C[C@@H](O)[C@@H](O)[C@H]([C@@H](O)[C@H](O)/C=C/CC/C=C/C=C/C=C/CCC(O)CO)O1.[Na+]
CNP0450806.2,C=CCC/C=C/C=C/C=C/CC/C=C/[C@H](O)[C@@H](O)[C@H]1O[C@@H]([C@@H](O)[C@@H](O)C(=C)CC[C@@H](O)[C@H]2C[C@@H](O)[C@H](O)[C@@H]([C@@H](O)[C@@H](O)/C=C(\C)CC[C@@H](O)C[C@@H](O)[C@@H](O)[C@H](C)[C@H](O)[C@H](O)C/C=C/C[C@@H](O)/C=C/CCCCCOS(=O)(=O)O)O2)C[C@@H](O)[C@@H]1O
CNP0450806.3,C=CCC/C=C/C=C/C=C/CC/C=C/[C@@H](O)[C@H](O)[C@@H]1O[C@@H]([C@H](O)[C@@H](O)C(=C)CC[C@@H](O)[C@H]2C[C@@H](O)[C@@H](O)[C@H]([C@@H](O)[C@H](O)/C=C(\C)CC[C@H](O)C[C@H](O)[C@H](O)[C@H](C)[C@H](O)[C@H](O)C/C=C/C[C@@H](O)/C=C/CCCCCOS(=O)(=O)O)O2)C[C@@H](O)[C@H]1O
CNP0461995.0,C=CCCC=CC=CC=CCCC=CC(O)C(O)C1OC(C(O)C(O)C(=C)CCC(O)C2CC(O)C(O)C(C(O)C(O)C=C(C)CCC(O)CC(O)C(O)C(C)CC(O)C(O)CCCC(O)CCCC(O)CCCC(O)C=CCC(O)C=CCC(O)CO)O2)CC(O)C1O
CNP0462347.2,CC1=NC(C2=CC=CO2)=CC([C@@H]2C[N@@]3CC[C@H]2C[C@@H]3CNC(=O)CCCC(=O)O)=N1
CNP0465434.0,C=CC=CCCC=CC=CC=CCCC=CC(O)C(O)C1OC(C(O)C(O)C(=C)CCC(O)C2CC(O)C(O)C(C(O)C(O)C=C(C)CCC(O)CC(O)C(O)C(C)CC(O)C(O)CCCC(O)CCCC(O)CCCC(O)C=CCC(O)C=CCC(O)CO)O2)CC(O)C1O
CNP0465836.2,C=CCC/C=C/C=C/C=C/CC/C=C/[C@@H](O)[C@H](O)[C@@H]1O[C@@H]([C@H](O)[C@H](O)C(=C)CC[C@@H](O)[C@H]2C[C@@H](O)[C@@H](O)[C@H]([C@@H](O)[C@H](O)/C=C(\C)CC[C@H](O)C[C@H](O)[C@H](O)[C@@H](C)C[C@H](O)[C@@H](O)C[C@H](C)CC/C=C/C[C@H](CO)OS(=O)(=O)O)O2)C[C@@H](O)[C@H]1O
CNP0481438.1,COC1=CC([C@@H]2[C@H](CC3=CC=CC=C3)C#C[C@@H]3CN[C@@H]4C[C@@H]5C6=C7C=C8CC9=CC%10=C(C=C[C@@H]%11C[C@H]2C(=O)[C@@H]([C@H](O)[C@H]3C42C3=CC(O)=C(O)C=C3[C@@H]3C[C@@H]2[C@]52C[C@@]34CCC[C@@H]4C=C2[C@H]7C[C@@H]8O)[C@H]%10%11)C(=C9)C[C@@H](C(C)=O)CC#C6)=C(CO)C=C1O
CNP0485458.0,CC1=C2CC(CC1C1(C3C(C)=C4CC(C3O)C4(C)C)CC3CC(=C1C)C3(C)C)C2(C)C
CNP0487678.1,CC1=C2N3[C@@H]4[C@H](CC(N)=O)[C@@]2(C)CCC(=O)NC[C@@H](C)OP(=O)([O-])O[C@H]2[C@@H](O)[C@H](O[C@@H]2CO)N2C=[N+](C5=CC(C)=C(C)C=C52)[Co-3]325(C[C@H]3O[C@@H](N6C=NC7=C(N)N=CN=C76)[C@H](O)[C@@H]3O)[N+]3=C1[C@@H](CCC(N)=O)C(C)(C)C3=CC1=[N+]2C(=C(C)C2=[N+]5[C@]4(C)[C@@](C)(CC(N)=O)[C@@H]2CCC(N)=O)[C@@](C)(CC(N)=O)[C@@H]1CCC(N)=O
CNP0488172.1,CC(=O)O[C@@H]1[C@@](O)(CO)[C@@H]2CC[C@H]3[C@@]45CO[C@@](O)([C@@H](OC(C)=O)C4C(C)(C)CC[C@H]5O)[C@]13C2
CNP0491523.1,COC1=CC(CC[C@@H](O)[C@H](C(=O)CCC2=CC(O)=C(O)C(OC)=C2)[C@]2(C3=CC=NC(N)=C3)[C@H](CC3=CC=CC=C3)C[C@@H](O)[C@@H]2CC2=NC=CC2)=CC=C1O
CNP0492752.1,OC1=CC(O)=C2C(=C1)O[C@H](C1=CC=C(O)C(O)=C1)[C@H](O)[C@H]2C1=C(O)C=C(O)C2=C1O[C@H](C1=CC=C(O)C(O)=C1)[C@H](O)[C@H]2C1=C(O)C=C(O)C2=C1O[C@H](C1=CC=C(O)C(O)=C1)[C@H](O)[C@H]2C1=C(O)C=C(O)C2=C1O[C@H](C1=CC=C(O)C(O)=C1)[C@H](O)[C@H]2C1=C(O)C=C(O)C2=C1O[C@H](C1=CC=C(O)C(O)=C1)[C@H](O)[C@H]2C1=C(O)C=C(O)C2=C1O[C@H](C1=CC=C(O)C(O)=C1)[C@H](O)[C@H]2C1=C(O)C=C(O)C2=C1O[C@H](C1=CC=C(O)C(O)=C1)[C@H](O)[C@H]2C1=C(O)C=C(O)C2=C1O[C@H](C1=CC=C(O)C(O)=C1)[C@H](O)[C@H]2C1=C(O)C=C(O)C2=C1O[C@H](C1=CC=C(O)C(O)=C1)[C@H](O)[C@H]2C1=C(O)C=C(O)C2=C1O[C@H](C1=CC=C(O)C(O)=C1)[C@H](O)[C@H]2C1=C(O)C=C(O)C2=C1O[C@H](C1=CC=C(O)C(O)=C1)[C@H](O)C2
CNP0495208.1,C[C@H](O)CNNC1=CC(CCO[C@@H]2[C@H]3OC4=C(C=C5C(=O)C6=CC=C(CO)C=C6C(=O)C5=C4OC[C@H](O)CC=O)[C@H](C4=CC=CC=C4N4CN[C@@H]5C(=O)N[C@@H](N)N[C@H]54)[C@@H](CCCO)COC[C@H](O3)[C@H](O)[C@H]2O)=CC=N1
CNP0497545.1,COC1=CC(CC[C@@H](O)[C@H](C(=O)CCC2=CC(O)=C(O)C(OCC(C)C)=C2)[C@@]2(C3=CC=NC(N)=C3)CC[C@H](O)[C@H]2CC2=NC=CC2)=CC=C1O
CNP0503993.1,COC1=CC(CC[C@@H](O)[C@H](C(=O)CCC2=CC(O)=C(O)C(OC)=C2)[C@@]2(C3=CC=NC(N)=C3)[C@@H](CC3=CC=CN3)CC[C@H]2CC2=CC=CC=C2)=CC=C1O
CNP0505204.1,COC1=CC(CC[C@@H](O)[C@H](C(=O)CCC2=CC(O)=C(O)C(OC)=C2)[C@@]2(C3=CC=NC(N)=C3)[C@@H](CC3=NC=CC3)CC[C@H]2CC2=CC=CC=C2)=CC=C1O
CNP0506664.1,CCCCCCOC(=O)[C@@]1(O)C[C@@H]2O[C@]1(C)N1C3=CC=CC=C3C3=C4CNC(=O)C4=C4C5=CC=CC=C5N2C4=C31
CNP0506664.2,CCCCCCOC(=O)[C@@]1(O)C[C@H]2O[C@@]1(C)N1C3=CC=CC=C3C3=C4CNC(=O)C4=C4C5=CC=CC=C5N2C4=C31
CNP0507028.1,COC1=CC(/C=C/C(=O)O[C@H]2[C@H](O[C@@H]3O[C@H](COC(C)=O)[C@@H](O)[C@H](O)[C@H]3O)[C@@H](O[C@@H]3O[C@H](CO)[C@@H](O)[C@H](O)[C@H]3O)[C@@H](O[C@]3(COC(=O)/C=C/C4=CC=C(O)C=C4OC)O[C@H](CO)[C@@H](O)[C@@H]3OC(=O)C3=CC=CC=C3)O[C@@H]2COC(C)=O)=CC=C1O
CNP0509713.1,COC1=CC(/C=C/C(=O)O[C@H]2[C@H](O[C@@H]3O[C@H](COC(C)=O)[C@@H](O)[C@H](O)[C@H]3O)[C@@H](O[C@@H]3O[C@H](CO)[C@@H](O)[C@H](O)[C@H]3O)[C@@H](O[C@]3(COC(=O)/C=C/C4=CC=C(O)C=C4OC)O[C@H](CO)[C@@H](O)[C@@H]3OC(=O)C3=CC=CC=C3)O[C@@H]2CO)=CC=C1O
CNP0085824.1,O=C(O[C@@H]1[C@@H](C2=C(O)C=C(O)C3=C2O[C@H](C2=CC(O)=C(O)C(O)=C2)[C@H](OC(=O)C2=CC(O)=C(O)C(O)=C2)C3)C2=C(O)C=C(O)C([C@H]3C4=C(O)C=C(O)C([C@H]5C6=C(O)C=C(O)C([C@H]7C8=C(O)C=C(O[C@@H]9O[C@H](CO)[C@@H](O)[C@H](O)[C@H]9O)C=C8O[C@H](C8=CC(O)=C(O)C(O)=C8)[C@@H]7OC(=O)C7=CC(O)=C(O)C(O)=C7)=C6O[C@H](C6=CC(O)=C(O)C(O)=C6)[C@H]5O)=C4O[C@H](C4=CC(O)=C(O)C(O)=C4)[C@H]3O)=C2O[C@@H]1C1=CC(O)=C(O)C(O)=C1)C1=CC(O)=C(O)C(O)=C1
CNP0133569.2,COC1=CC(/C=C\C(=O)O[C@H]2[C@H](O)[C@@H](COC(=O)/C=C/C3=CC=C(O)C(OC)=C3)O[C@@]2(COC(=O)/C=C/C2=CC=C(O)C=C2)O[C@H]2O[C@H](COC(C)=O)[C@@H](OC(C)=O)[C@H](O)[C@H]2OC(C)=O)=CC=C1O
CNP0171627.1,CC1=CCC[C@@H]2[C@]3(CCC4=COC=C4)C(=O)O[C@@H](C[C@]12C)[C@@H]3C
CNP0233011.2,OC[C@H]1O[C@@H](O[C@@H]2[C@H]3C4=C(O)C=C(O)C=C4O[C@@]2(C2=CC=C(O)C(O)=C2)OC2=CC(O)=C4C(=C23)O[C@H](C2=CC=C(O)C(O)=C2)[C@H](O)C4C2=C(O)C=C(O)C3=C2O[C@H](C2=CC=C(O)C(O)=C2)[C@H](O)C3)[C@H](O)[C@@H](O)[C@H]1O
CNP0243746.39,CC[C@H]1[C@@H]2C[C@@H]3[C@H]4N(C)C5=CC=CC=C5[C@]45C[C@@H]([C@@H]2[C@@H]5O)N3[C@@H]1O
CNP0257732.4,COC1=CC(N[C@H](C)CCCN2C(=O)[C@H](C(N)=O)[C@H]3C[C@@]2(C)OC2=CC=CC=C23)=C2N=CC=CC2=C1
CNP0275239.1,C/C(=C\[C@@H](O)C[C@]12C(=O)O[C@]3(C)CC[C@H]1C[C@@H]23)C(N)=O
CNP0299169.3,COC1=CC(/C=C\C(=O)O[C@H]2[C@H](O[C@@H]3O[C@@H](C)[C@H](O)[C@@H](O)[C@@H]3O)[C@@H](O[C@H]3O[C@@H](CO)[C@@H](O)[C@H](O)[C@H]3O)[C@@H](OCCC3=CC=C(O)C(O)=C3)O[C@@H]2CO)=CC=C1O
CNP0335311.2,C=C/C=C/CC/C=C/C=C/C=C/CC/C=C/[C@H](O)[C@H](O)[C@@H]1O[C@@H](C(O)[C@H](O)C(=C)CC[C@@H](O)[C@@H]2C[C@H](O)[C@H](O)[C@@H]([C@H](O)[C@@H](O)/C=C(\C)CC[C@H](O)C[C@H](O)[C@H](O)[C@@H](C)C[C@H](O)[C@@H](O)CCCCC[C@@H](O)CCC[C@@H](O)/C=C/C[C@@H](O)/C=C/C[C@@H](O)CO)O2)C[C@@H](O)[C@H]1O
CNP0365299.2,C[C@@H]1O[C@@H](O[C@@H]2[C@@H](O[C@@H]3OC[C@@H](O)[C@H](O)[C@H]3O)[C@H](OCCC3=CC=C(O)C(O)=C3)O[C@H](CO)[C@H]2OC(=O)/C=C/C2=CC=C(O)C(O)=C2)[C@H](O)[C@H](O)[C@H]1O
CNP0438991.1,CC(=O)O[C@@H]1[C@@H](OC(C)=O)[C@H](O[C@@H]2[C@@H](OC(C)=O)[C@H](O[C@@H]3[C@@H](OC(C)=O)[C@H](O[C@@H]4[C@@H](OC(C)=O)[C@H](O[C@@H]5[C@@H](OC(C)=O)[C@H](O[C@@H]6CO[C@@H](OC/C=C(\C)CC/C=C(\C)CC/C=C(\C)CC/C=C(\C)CC/C=C(\C)CC/C=C(\C)CCC=C(C)C)[C@H](OC(C)=O)[C@H]6OC(C)=O)OC[C@H]5OC(C)=O)OC[C@H]4OC(C)=O)OC[C@H]3OC(C)=O)OC[C@H]2OC(C)=O)OC[C@H]1OC(C)=O
CNP0511129.2,C=CC[N@+]12[C@H](O)[C@@H](CC)[C@@H]3C[C@H]1[C@@H]1N(C)C4=CC=CC=C4[C@]14C[C@H]2[C@@H]3[C@H]4O
CNP0133569.3,COC1=CC(/C=C/C(=O)OC[C@H]2O[C@@](COC(=O)/C=C/C3=CC=C(O)C=C3)(O[C@H]3O[C@H](COC(C)=O)[C@@H](OC(C)=O)[C@H](O)[C@@H]3OC(C)=O)[C@@H](OC(=O)/C=C/C3=CC=C(O)C(OC)=C3)[C@@H]2O)=CC=C1O
CNP0133569.4,COC1=CC(/C=C/C(=O)OC[C@H]2O[C@@](COC(=O)/C=C/C3=CC=C(O)C=C3)(O[C@H]3O[C@H](COC(C)=O)[C@@H](OC(C)=O)[C@H](O)[C@H]3OC(C)=O)[C@@H](OC(=O)/C=C/C3=CC=C(O)C(OC)=C3)[C@@H]2O)=CC=C1O
CNP0137692.3,CN1C(=O)[C@]23SS[C@@]1(C)C(=O)N2[C@H]1NC2=CC=CC=C2[C@@]1([C@@]12C4=CC=CC=C4N[C@@H]1N1C(=O)[C@]4(C)SS[C@@]1(C(=O)N4C)[C@H]2O)[C@@H]3O
CNP0137692.7,CN1C(=O)[C@]23SS[C@@]1(C)C(=O)N2[C@H]1NC2=CC=CC=C2[C@@]1([C@@]12C4=CC=CC=C4N[C@@H]1N1C(=O)[C@@]4(C)SS[C@]1(C(=O)N4C)[C@H]2O)[C@@H]3O
CNP0138542.1,O=C(O)CC(=O)OC[C@H]1O[C@@H](OC2=C(C3=CC=C(O)C(O[C@@H]4O[C@H](COC(=O)/C=C/C5=CC=C(O[C@@H]6O[C@H](COC(=O)/C=C/C7=CC=C(O)C(O)=C7)[C@@H](O)[C@H](O)[C@H]6O)C(O)=C5)[C@@H](O)[C@H](O)[C@H]4O)=C3)OC3=CC(O[C@@H]4O[C@H](COC(=O)/C=C/C5=CC=C(O)C=C5)[C@@H](O)[C@H](O)[C@H]4O)=CC(O)=C3C2)[C@H](O)[C@@H](O)[C@@H]1O
CNP0139239.1,CC(C)C[C@H]1C=C2C[C@@H]3C[C@H]4C=C[C@@]56C(=O)OC[C@]78[C@H](C(=O)[C@@H](O)[C@]9(C)[C@@H]7[C@H](C[C@@]35C4)C[C@@]3(C)[C@H](C4=C(C[C@@H]([C@H]5CC[C@H]7[C@H](C=CN%10CNC[C@@H]7%10)C5)[C@H](O)CO)OC=C4)OC(=O)[C@H]4O[C@@]493)[C@@]1(C)O[C@]286
CNP0140268.2,CC(C)[C@]12SSSS[C@]3(C(=O)N1C)[C@@H](O)[C@]1([C@]45C6=CC=CC=C6N[C@H]4N4C(=O)[C@]6(CO)SS[C@]4(C(=O)N6C)[C@H]5O)C4=CC=CC=C4N[C@@H]1N3C2=O
CNP0140536.1,CC[C@@H]1[C@@H](O)N2[C@H]3C[C@@]45C6=CC=CC=C6N(C)[C@H]4[C@@H]2C[C@H]1C3[C@H]5OC(=O)CCl
CNP0141233.3,CC(O)[C@@]12SS[C@]3(C(=O)N1C)[C@@H](O)[C@]1([C@@]45C6=CC=CC=C6N[C@@H]4N4C(=O)[C@]6(C(C)O)SS[C@@]4(C(=O)N6C)[C@H]5O)C4=CC=CC=C4N[C@@H]1N3C2=O
CNP0141233.4,CC(O)C12SSC3(C(=O)N1C)[C@@H](O)[C@]1(C45C6=CC=CC=C6N[C@@H]4N4C(=O)[C@@]6(C(C)O)SS[C@]4(C(=O)N6C)[C@H]5O)C4=CC=CC=C4N[C@@H]1N3C2=O
CNP0145010.0,COC1=CC(C=CC(=O)OC2C(COC3OCC(O)C(O)C3O)OC(OCCC3=CC=C(O)C(O)=C3)C(OC3OCC(O)C(O)C3O)C2OC2OC(CO)C(O)C(O)C2O)=CC=C1O
CNP0147379.8,C=C1C(=O)O[C@@H]2C3[C@]4(C)C=C[C@@]3(C[C@]43C(=O)O[C@@H]4[C@H]5C(C)=CC[C@H]5[C@](C)(O)C[C@H](OC(C)=O)[C@H]43)[C@](C)(O)CC[C@@H]12
CNP0147765.2,COC1=CC(/C=C/C(=O)OC[C@@H]2O[C@H](O[C@@]3(CO)O[C@H](COC(=O)/C=C/C4=CC=C(O)C=C4)[C@@H](O)[C@@H]3OC(=O)/C=C/C3=CC=C(O)C=C3)[C@@H](O)[C@H](O)[C@H]2O)=CC=C1O
CNP0155813.3,CO[C@]12CC34CCCN3C[C@@H](O1)C1=CC3=C(C=C1[C@@H]4[C@H]2O)OCO3
CNP0156208.1,O=C(OC[C@H]1O[C@@H](OC2=CC(O)=C3C(=C2)O[C@H](C2=CC(O)=C(O)C(O)=C2)[C@H](OC(=O)C2=CC(O)=C(O)C(O)=C2)[C@H]3C2=C(O)C=C(O)C3=C2O[C@H](C2=CC=C(O)C(O)=C2)[C@H](O)[C@H]3C2=C(O)C=C(O)C3=C2O[C@H](C2=CC(O)=C(O)C(O)=C2)[C@H](OC(=O)C2=CC(O)=C(O)C(O)=C2)[C@H]3C2=C(O)C=C(O)C3=C2O[C@H](C2=CC=C(O)C(O)=C2)[C@H](O)[C@H]3C2=C(O)C=C(O)C3=C2O[C@H](C2=CC(O)=C(O)C(O)=C2)[C@H](OC(=O)C2=CC(O)=C(O)C(O)=C2)[C@H]3C2=C(O)C=C(O[C@@H]3O[C@H](CO[C@@H]4O[C@H](CO)[C@@H](O)[C@H](O)[C@H]4O)[C@@H](O)[C@H](O)[C@H]3O)C3=C2O[C@H](C2=CC=C(O)C(O)=C2)[C@@H](O)C3)[C@H](O)[C@@H](O)[C@@H]1O)C1=CC(O)=C(O)C(O)=C1
CNP0159941.1,O=C(OC[C@H]1O[C@@H](OC2=CC(O)=C3C(=C2)O[C@H](C2=CC(O)=C(O)C(O)=C2)[C@H](OC(=O)C2=CC(O)=C(O)C(O)=C2)[C@H]3C2=C(O)C=C(O)C3=C2O[C@H](C2=CC=C(O)C(O)=C2)[C@H](O)[C@H]3C2=C(O)C=C(O)C3=C2O[C@H](C2=CC=C(O)C(O)=C2)[C@H](O)[C@H]3C2=C(O)C=C(O)C3=C2O[C@H](C2=CC(O)=C(O)C(O)=C2)[C@H](OC(=O)C2=CC(O)=C(O)C(O)=C2)C3)[C@H](O)[C@@H](O)[C@@H]1O)C1=CC(O)=C(O)C(O)=C1
CNP0159966.2,CC(O)[C@@]12SS[C@]3(C(=O)N1C)[C@@H](O)[C@]1([C@@]45C6=CC=CC=C6N[C@@H]4N4C(=O)[C@]6(C)SS[C@@]4(C(=O)N6C)[C@H]5O)C4=CC=CC=C4N[C@@H]1N3C2=O
CNP0159966.4,CC(O)[C@@]12SS[C@]3(C(=O)N1C)[C@@H](O)[C@]1([C@@]45C6=CC=CC=C6N[C@@H]4N4C(=O)[C@@]6(C)SS[C@]4(C(=O)N6C)[C@H]5O)C4=CC=CC=C4N[C@@H]1N3C2=O
CNP0164495.6,C=C1C(=O)[C@]23C[C@@H]1C[C@@H](O)[C@H]2[C@@]12CO[C@@H](O)[C@@H]1C(C)(C)CC[C@@H]2OC3=O
CNP0165094.10,OC1=CC(O)=C2C(=C1)O[C@]1(C3=CC=C(O)C(O)=C3)OC3=CC(O)=C4C[C@H](O)[C@@H](C5=CC=C(O)C(O)=C5)OC4=C3[C@@H]2[C@H]1O
CNP0166196.1,O=C(O)CC(=O)OC[C@H]1O[C@@H](OC2=C(C3=CC=C(O)C(O[C@@H]4O[C@H](COC(=O)/C=C/C5=CC=C(O[C@@H]6O[C@H](COC(=O)/C=C/C7=CC=C(O)C(O)=C7)[C@@H](O)[C@H](O)[C@H]6O)C(O)=C5)[C@@H](O)[C@H](O)[C@H]4O)=C3)OC3=CC(O[C@@H]4O[C@H](COC(=O)/C=C/C5=CC=C(O)C(O)=C5)[C@@H](O)[C@H](O)[C@H]4O)=CC(O)=C3C2)[C@H](O)[C@@H](O)[C@@H]1O
CNP0167418.1,COC1=CC(/C=C/C(=O)OC[C@H]2O[C@@H](OC3=C(OC)C=C(CO)C=C3OC)[C@H](O)[C@@H](O)[C@@H]2OC(=O)/C=C/C2=CC=C(O)C(OC)=C2)=CC=C1O
CNP0171282.5,C/C=C1\CN2CC[C@@]34C5=CC(OC)=CC=C5N(C)[C@@]23CC[C@H]1[C@H]4C(=O)OC
CNP0171282.6,C/C=C1\C[N@]2CC[C@@]34C5=CC(OC)=CC=C5N(C)[C@@]23CC[C@H]1[C@H]4C(=O)OC
CNP0265183.11,COC1=CC(/C=C/C(=O)O[C@@H]2C[C@H]3CC[C@@]2(C)C3(C)C)=CC=C1O
CNP0265183.8,COC1=CC(/C=C/C(=O)O[C@H]2C[C@H]3CC[C@@]2(C)C3(C)C)=CC=C1O
CNP0265183.9,COC1=CC(/C=C/C(=O)O[C@@H]2C[C@@H]3CC[C@]2(C)C3(C)C)=CC=C1O
CNP0265639.1,COC1=CC(/C=C/C(=O)O[C@H]2[C@H](O[C@@H]3O[C@@H](C)[C@H](O)[C@@H](O)[C@H]3O[C@@H]3OC[C@H](O)[C@@H](O)[C@H]3O)[C@@H](O)[C@H](OCCC3=CC=C(O)C(O)=C3)O[C@@H]2CO)=CC=C1O
CNP0265639.3,COC1=CC(/C=C/C(=O)O[C@@H]2[C@@H](O[C@@H]3O[C@H](C)[C@@H](O)[C@H](O)[C@H]3O[C@H]3OC[C@H](O)[C@@H](O)[C@@H]3O)[C@H](O)[C@@H](OCCC3=CC=C(O)C(O)=C3)O[C@H]2CO)=CC=C1O
CNP0265639.6,COC1=CC(/C=C/C(=O)O[C@H]2[C@H](O[C@@H]3O[C@@H](C)[C@H](O)[C@@H](O)[C@H]3O[C@@H]3OC[C@@H](O)[C@H](O)[C@H]3O)[C@@H](O)[C@H](OCCC3=CC=C(O)C(O)=C3)O[C@@H]2CO)=CC=C1O
CNP0265639.8,COC1=CC(/C=C\C(=O)O[C@@H]2[C@H](O[C@H]3O[C@@H](C)[C@H](O)[C@@H](O)[C@@H]3O[C@H]3OC[C@H](O)[C@@H](O)[C@@H]3O)[C@@H](O)[C@@H](OCCC3=CC=C(O)C(O)=C3)O[C@H]2CO)=CC=C1O
CNP0266308.0,CC1OC(OC2C(O)C(OCC=CC3=CC=C(O)C=C3)OC(CO)C2OC(=O)C=CC2=CC=C(O)C(O)=C2)C(O)C(O)C1OC1OCC(O)C(O)C1O
CNP0268578.2,CC[C@@H](C)C(=O)O[C@@H]1OC=C2[C@@H]3C[C@H]4C[C@]25[C@@H]1CC[C@@H]5[C@]4(C)C(=O)O3
CNP0270460.2,CC(C)C12SSS[C@]3(C(=O)N1C)[C@@H](O)C1([C@]45C6=CC=CC=C6N[C@H]4N4C(=O)[C@]6(C(C)C)SS[C@@]4(C(=O)N6C)[C@H]5O)C4=CC=CC=C4N[C@@H]1N3C2=O
CNP0272700.3,COC[C@@H]1C(=O)[C@]23C[C@@H]1C[C@@H](O)[C@H]2C12CO[C@@H](O)[C@@H]1C(C)(C)CC[C@@H]2OC3=O
CNP0272700.4,COC[C@H]1C(=O)[C@]23C[C@@H]1C[C@@H](O)[C@H]2C12CO[C@@H](O)[C@@H]1C(C)(C)CC[C@@H]2OC3=O
CNP0272746.14,OC1=CC(O)=C2C(=C1)O[C@@]1(C3=CC=C(O)C(O)=C3)OC3=CC(O)=C4C(=C3[C@H]2[C@H]1O)O[C@H](C1=CC=C(O)C(O)=C1)[C@H](O)[C@@H]4C1=C(O)C=C(O)C2=C1O[C@@H](C1=CC=C(O)C(O)=C1)[C@@H](O)C2
CNP0272746.15,OC1=CC(O)=C2C(=C1)O[C@@]1(C3=CC=C(O)C(O)=C3)OC3=CC(O)=C4C(=C3[C@H]2[C@H]1O)O[C@H](C1=CC=C(O)C(O)=C1)[C@H](O)[C@@H]4C1=C(O)C=C(O)C2=C1O[C@H](C1=CC=C(O)C(O)=C1)[C@@H](O)C2
CNP0272746.16,OC1=CC(O)=C2C(=C1)O[C@@]1(C3=CC=C(O)C(O)=C3)OC3=CC(O)=C4C(=C3[C@H]2[C@H]1O)O[C@H](C1=CC=C(O)C(O)=C1)[C@H](O)[C@@H]4C1=C(O)C=C(O)C2=C1O[C@H](C1=CC=C(O)C(O)=C1)[C@H](O)C2
CNP0272746.17,OC1=CC(O)=C2C(=C1)O[C@@]1(C3=CC=C(O)C(O)=C3)OC3=CC(O)=C4C(=C3[C@H]2[C@H]1O)O[C@H](C1=CC=C(O)C(O)=C1)[C@H](O)[C@@H]4C1=C(O)C=C(O)C2=C1O[C@@H](C1=CC=C(O)C(O)=C1)[C@H](O)C2
CNP0272746.2,OC1=CC(O)=C2C(=C1)O[C@@]1(C3=CC=C(O)C(O)=C3)OC3=CC(O)=C4C(=C3[C@H]2[C@H]1O)OC(C1=CC=C(O)C(O)=C1)C(O)C4C1=C(O)C=C(O)C2=C1OC(C1=CC=C(O)C(O)=C1)C(O)C2
CNP0273268.1,CC(=O)OC1=CC(OC(C)=O)=C2C(=C1)O[C@H](C1=CC(OC(C)=O)=C(OC(C)=O)C(OC(C)=O)=C1)[C@H](OC(=O)C1=CC(OC(C)=O)=C(OC(C)=O)C(OC(C)=O)=C1)[C@H]2C1=C(OC(C)=O)C=C(OC(C)=O)C2=C1O[C@H](C1=CC(OC(C)=O)=C(OC(C)=O)C(OC(C)=O)=C1)[C@H](OC(=O)C1=CC(OC(C)=O)=C(OC(C)=O)C(OC(C)=O)=C1)C2
CNP0365299.3,C[C@H]1O[C@@H](O[C@H]2[C@@H](OC(=O)/C=C/C3=CC=C(O)C(O)=C3)[C@H](CO)O[C@@H](OCCC3=CC=C(O)C(O)=C3)[C@@H]2O[C@@H]2OC[C@@H](O)[C@@H](O)[C@H]2O)[C@@H](O)[C@@H](O)[C@@H]1O
CNP0365299.4,C[C@@H]1O[C@@H](O[C@@H]2[C@@H](O[C@H]3OC[C@@H](O)[C@@H](O)[C@@H]3O)[C@H](OCCC3=CC=C(O)C(O)=C3)O[C@H](CO)[C@H]2OC(=O)/C=C/C2=CC=C(O)C(O)=C2)[C@H](O)[C@H](O)[C@H]1O
CNP0365299.5,C[C@@H]1O[C@H](O[C@H]2[C@H](O[C@H]3OC[C@H](O)[C@@H](O)[C@@H]3O)[C@H](OCCC3=CC=C(O)C(O)=C3)O[C@H](CO)[C@H]2OC(=O)/C=C/C2=CC=C(O)C(O)=C2)[C@H](O)[C@@H](O)[C@@H]1O
CNP0365299.6,C[C@@H]1O[C@@H](O[C@@H]2[C@@H](O[C@@H]3OC[C@H](O)[C@H](O)[C@H]3O)[C@H](OCCC3=CC=C(O)C(O)=C3)O[C@H](CO)[C@H]2OC(=O)/C=C/C2=CC=C(O)C(O)=C2)[C@H](O)[C@H](O)[C@H]1O
CNP0365299.7,C[C@H]1O[C@@H](O[C@H]2[C@H](O[C@@H]3OC[C@@H](O)[C@H](O)[C@@H]3O)[C@@H](OCCC3=CC=C(O)C(O)=C3)O[C@@H](CO)[C@@H]2OC(=O)/C=C/C2=CC=C(O)C(O)=C2)[C@H](O)[C@H](O)[C@@H]1O
CNP0373965.1,C[C@]1(C=O)C2CC[C@]3(C)O[C@@]14C(=O)C1=CC=C(O)C=C1C(=O)C4=CC23
CNP0375652.1,CN1C(=O)[C@@]23SS[C@@]1(CO)C(=O)N2[C@@H]1NC2=CC=CC=C2[C@]1([C@@]12C4=CC=CC=C4N[C@@H]1N1C(=O)[C@@]4(CO)SS[C@]1(C(=O)N4C)[C@@H]2O)[C@@H]3O
CNP0381287.1,CC(=O)OC1=CC(OC(C)=O)=C2C(=C1)O[C@H](C1=CC(OC(C)=O)=C(OC(C)=O)C(OC(C)=O)=C1)[C@@H](OC(C)=O)[C@@H]2C1=C(OC(C)=O)C=C(OC(C)=O)C2=C1O[C@H](C1=CC(OC(C)=O)=C(OC(C)=O)C(OC(C)=O)=C1)[C@@H](OC(C)=O)[C@@H]2C1=C(OC(C)=O)C=C(OC(C)=O)C2=C1O[C@H](C1=CC(OC(C)=O)=C(OC(C)=O)C(OC(C)=O)=C1)[C@@H](OC(C)=O)C2
CNP0395531.3,OC1=CC=C2C=C1OC1=CC=C(C=C1)C[C@@H]1CN[C@H](CN1)C2
CNP0396266.1,C[C@@H]1O[C@@H](OC[C@H]2O[C@@H](OCCC3=CC=C(O)C(O)=C3)[C@H](O[C@H]3OC[C@@H](O)[C@@H](O)[C@@H]3O)[C@@H](O[C@@H]3O[C@H](CO)[C@@H](O)[C@H](O)[C@H]3O)[C@@H]2OC(=O)C=CC2=CC=C(O)C(O)=C2)[C@H](O)[C@H](O)[C@H]1O
CNP0396266.2,C[C@@H]1O[C@@H](OC[C@H]2O[C@@H](OCCC3=CC=C(O)C(O)=C3)[C@H](O[C@H]3OC[C@@H](O)[C@@H](O)[C@@H]3O)[C@@H](O[C@@H]3O[C@H](CO)[C@@H](O)[C@H](O)[C@H]3O)[C@@H]2OC(=O)/C=C\C2=CC=C(O)C(O)=C2)[C@H](O)[C@H](O)[C@H]1O
CNP0402702.1,COC1=CC(/C=C/C(=O)OC[C@H]2O[C@H](O[C@]3(COC(=O)/C=C/C4=CC=C(O)C=C4)O[C@H](COC(=O)/C=C/C4=CC=C(O)C=C4)[C@@H](O)[C@@H]3OC(=O)/C=C/C3=CC=C(O)C=C3)[C@H](OC(C)=O)[C@@H](O)[C@@H]2OC(C)=O)=CC=C1O
CNP0405458.1,COC1=CC(/C=C/C(=O)O[C@H]2[C@H](O[C@@H]3O[C@@H](C)[C@H](O)[C@@H](O)[C@H]3O)[C@@H](O)[C@H](OC[C@H](O)C3=CC=C(O)C(O)=C3)O[C@@H]2CO[C@@H]2OC[C@](O)(CO)[C@H]2O)=CC=C1O
CNP0411552.1,CC1=CC(O)=CC2=C1[C@@H]1C[C@](C)(CC[C@@H]1C(C)C)O2
CNP0412962.1,CC(=O)OC1=CC(OC(C)=O)=C2C[C@@H](OC(C)=O)[C@H](C3=CC(OC(C)=O)=C(OC(C)=O)C=C3C3=C(OC(C)=O)C=C(OC(C)=O)C4=C3O[C@H](C3=CC=C(OC(C)=O)C(OC(C)=O)=C3)[C@@H](OC(C)=O)[C@H]4C3=C(OC(C)=O)C=C(OC(C)=O)C4=C3O[C@@H](C3=CC=C(OC(C)=O)C(OC(C)=O)=C3)[C@H](OC(C)=O)C4)OC2=C1
CNP0413664.1,COC1=CC(/C=C/C(=O)OC[C@H]2O[C@@H](O[C@]3(COC(=O)/C=C/C4=CC=C(O)C=C4)O[C@H](COC(=O)/C=C/C4=CC=C(O)C=C4)[C@@H](O)[C@@H]3OC(=O)/C=C/C3=CC=C(O)C=C3)[C@H](OC(C)=O)[C@@H](O)[C@@H]2O)=CC=C1O
CNP0413664.2,COC1=CC(/C=C/C(=O)OC[C@H]2O[C@H](O[C@@]3(COC(=O)/C=C/C4=CC=C(O)C=C4)O[C@H](COC(=O)/C=C/C4=CC=C(O)C=C4)[C@@H](O)[C@@H]3OC(=O)/C=C/C3=CC=C(O)C=C3)[C@H](OC(C)=O)[C@@H](O)[C@@H]2O)=CC=C1O
CNP0413664.3,COC1=CC(/C=C/C(=O)OC[C@H]2O[C@H](O[C@]3(COC(=O)/C=C/C4=CC=C(O)C=C4)O[C@H](COC(=O)/C=C/C4=CC=C(O)C=C4)[C@@H](O)[C@@H]3OC(=O)/C=C/C3=CC=C(O)C=C3)[C@H](OC(C)=O)[C@@H](O)[C@@H]2O)=CC=C1O
CNP0419814.1,O=C(OC[C@H]1O[C@@H](OC[C@H]2O[C@@H](OC[C@H]3O[C@@H](OC4=CC(O)=C5C(=C4)O[C@H](C4=CC(O)=C(O)C(O)=C4)[C@@H](OC(=O)C4=CC(O)=C(O)C(O)=C4)[C@@H]5C4=C(O)C=C(O)C5=C4O[C@H](C4=CC=C(O)C(O)=C4)[C@@H](O)[C@@H]5C4=C(O)C=C(O)C5=C4O[C@H](C4=CC(O)=C(O)C(O)=C4)[C@H](OC(=O)C4=CC(O)=C(O)C(O)=C4)[C@H]5C4=C(O)C=C(O)C5=C4O[C@H](C4=CC=C(O)C(O)=C4)[C@@H](O)[C@@H]5C4=C(O)C=C(O)C5=C4O[C@H](C4=CC(O)=C(O)C(O)=C4)[C@H](OC(=O)C4=CC(O)=C(O)C(O)=C4)[C@H]5C4=C(O)C=C(O)C5=C4O[C@H](C4=CC=C(O)C(O)=C4)[C@H](O)C5)[C@H](O)[C@@H](O)[C@@H]3O)[C@H](O)[C@@H](O)[C@@H]2O)[C@H](O)[C@@H](O)[C@@H]1O)C1=CC(O)=C(O)C(O)=C1
CNP0419867.2,CN1C(=O)[C@]23SSS[C@]1(C)C(=O)N2[C@H]1NC2=CC=CC=C2[C@@]1([C@@]12C4=CC=CC=C4N[C@@H]1N1C(=O)[C@@]4(C)SS[C@]1(C(=O)N4C)[C@H]2O)[C@@H]3O
CNP0421632.1,CC[C@@H]1OC(=O)[C@@H](C2=CNC=C2)[C@H]1[C@@H]1C#CC[C@@H]2C[C@@]3(O)C4=C5N[C@H](CO)C(=O)C[C@@H](C6=CC=C(O)C=C6)CSSC[C@H]6[C@@H](O)[C@@H](O)C[C@](C)([C@H]4[C@H]4C[C@H]7C#CC8=CC=CC=C8CNC(N)=NC[C@@H]7C3(C4)[C@H]2[C@@](C)(O)[C@@]2(O)CCC34[C@@H]([C@@H](C=C[C@@H]13)C=C1CC[C@H](C)C[C@@H]14)[C@H](C(O)O)C2)[C@@H]6C5=O
CNP0423524.1,NCCOC1=CC=C(/C=C/C(=O)CO[C@@]2(C(=O)O)C[C@@H](O)[C@H]3OC[C@@H](CCC4=CC=CC=C4)C[C@@H](C(=O)/C=C/C4=CC(O)=C(O)C=C4CO)O[C@]3(CNC3CCCC3)C2)C=C1O
CNP0423963.1,CC(=O)OC[C@@]12C=C[C@]([C@H]3CC[C@H](Br)C(C)(C)C3)(CC1)OO2
CNP0426661.1,COC1=CC(/C=C/C(=O)O[C@H]2[C@H](O[C@@H]3O[C@@H](C)[C@H](O)[C@@H](O)[C@H]3O)[C@@H](O[C@@H]3OC[C@](O)(CO)[C@H]3O)[C@H](OCCC3=CC=C(O)C(O)=C3)O[C@@H]2CO)=CC=C1O
CNP0427443.1,CC1=CC(=O)[C@@H]2[C@@H](C1)[C@]13C=C4N5C[C@@H]6O[C@@]5(CC[C@@]4(C)[C@]4(COC(=O)C4)[C@H]1[C@](O)(OC3)[C@@H]2C)C[C@@H](C)[C@H]6O
CNP0429156.1,C=C/C=C/CC/C=C/C=C/C=C/CC/C=C/[C@H](O)[C@H](O)[C@@H]1O[C@@H]([C@H](O)[C@H](O)C(=C)CC[C@@H](O)[C@H]2C[C@@H](O)[C@@H](O)[C@H]([C@@H](O)[C@H](O)/C=C(\C)CCC(O)CC(O)C(O)C(C)CC(O)C(O)CC(C)CCC(O)CC(=O)CC(O)CCCC(O)CCCCC(O)CO)O2)C[C@@H](O)[C@H]1O
CNP0431234.2,C[C@]12O[C@@H](C[C@@]1(O)C(=O)O)N1C3=CC=CC=C3C3=C4C(=O)NC(=O)C4=C4C5=CC=CC=C5N2C4=C31
CNP0431292.0,C=CC=CCCC=CC=CC=CCCC=CC(O)C(O)C1OC(C(O)C(O)C(=C)CCC(O)C2CC(O)C(O)C(C(O)C(O)C=C(C)CCC(O)CC(O)C(O)C(C)C(O)CCCC(O)CCCC(O)CCCC(O)C=CCC(O)C=CCC(O)CO)O2)CC(O)C1O
CNP0511129.5,C=CC[N@+]12[C@H](O)[C@@H](CC)[C@@H]3C[C@H]1[C@@H]1N(C)C4=CC=CC=C4[C@]14C[C@H]2[C@@H]3[C@@H]4O
CNP0515815.1,CNCC1=C[C@]23C=C[C@H]4[C@H]5C(=O)C=C6[C@@H]7[C@H](CCC8=CC=CC=C8CC#C[C@@H](C8(CCCC8)C2)[C@]3(C[C@@H]4O)[C@]75C1)C[C@]1(C)[C@@H]([C@@]2([C@H]3O[C@@H]3[C@](C)(O)[C@](C)(CO)CCC3=CC=NC(N)=C3)C[C@H](C)CCO2)CC[C@@]61O
CNP0517409.1,CC1=C2N3[C@@H]4[C@H](CC(N)=O)[C@@]2(C)CCC(=O)NC[C@@H](C)OP(=O)([O-])O[C@H]2[C@@H](O)[C@H](O[C@@H]2CO)N2C=[N+](C5=CC(C)=C(C)C=C52)[Co-3]325(C#N)[N+]3=C1[C@@H](CCC(N)=O)C(C)(C)C3=CC1=[N+]2C(=C(C)C2=[N+]5[C@]4(C)[C@@](C)(CC(N)=O)[C@@H]2CCC(N)=O)[C@@](C)(CC(N)=O)[C@@H]1CCC(N)=O
CNP0524485.1,COC(=O)[C@H]1/N=C(/O)[C@H]2/N=C(\O)[C@H](/N=C(\O)[C@@H]3/N=C(\O)[C@H]4/N=C(\O)[C@H](/N=C(\O)[C@H](N)C5=CC=C(O)C(=C5)OC5=CC4=CC(O)=C5C)[C@H](O)C4=CC=C(C=C4)OC4=CC3=CC(=C4OC3OC(COC4OC(C)C(O)C(O)C4O)C(O)C(O)C3OC3OC(CO)C(O)C(O)C3OC3OC(CO)C(O)C3O)OC3=CC=C(C=C3)C2OC2CC(N)C(O)C(C)O2)C2=CC(=C(O)C=C2)C2=C(OC3OC(CO)C(O)C(O)C3O)C=C(O)C=C21
CNP0524485.2,COC(=O)C1/N=C(/O)C2/N=C(\O)C(/N=C(\O)C3/N=C(\O)C4/N=C(\O)C(/N=C(\O)C(N)C5=CC=C(O)C(=C5)OC5=CC4=CC(O)=C5C)C(O)C4=CC=C(C=C4)OC4=CC3=CC(=C4O[C@@H]3O[C@@H](CO[C@H]4O[C@H](C)[C@@H](O)[C@H](O)[C@@H]4O)[C@H](O)[C@@H](O)[C@@H]3O[C@@H]3O[C@@H](CO)[C@H](O)[C@@H](O)[C@H]3O[C@H]3O[C@H](CO)[C@@H](O)[C@@H]3O)OC3=CC=C(C=C3)C2O[C@@H]2C[C@H](N)[C@H](O)[C@@H](C)O2)C2=CC(=C(O)C=C2)C2=C(O[C@H]3O[C@H](CO)[C@@H](O)[C@H](O)[C@@H]3O)C=C(O)C=C21
CNP0532091.2,C=C1C(=O)[C@]23C[C@@H]1C[C@@H](O)[C@H]2C12C(O)O[C@@H]4OC(O)[C@](C)(CC[C@@H]1OC3=O)[C@@H]42
CNP0542777.1,CC1=C2N3[C@@H]4[C@H](CC(N)=O)[C@@]2(C)CCC(=O)NC[C@@H](C)OP(=O)([O-])O[C@H]2[C@@H](O)[C@H](O[C@@H]2CO)N2C=[N+](C5=CC(C)=C(C)C=C52)[Co-3]325([OH2+])[N+]3=C1[C@@H](CCC(N)=O)C(C)(C)C3=CC1=[N+]2C(=C(C)C2=[N+]5[C@]4(C)[C@@](C)(CC(N)=O)[C@@H]2CCC(N)=O)[C@@](C)(CC(N)=O)[C@@H]1CCC(N)=O
CNP0542777.2,CC1=C2N3[C@@H]4[C@H](CC(N)=O)[C@@]2(C)CCC(=O)NC[C@@H](C)OP(=O)([O-])O[C@H]2[C@@H](O)[C@H](O[C@@H]2CO)N2C=[N+](C5=CC(C)=C(C)C=C52)[Co-3]325(O)[N+]3=C1[C@@H](CCC(N)=O)C(C)(C)C3=CC1=[N+]2C(=C(C)C2=[N+]5[C@]4(C)[C@@](C)(CC(N)=O)[C@@H]2CCC(N)=O)[C@@](C)(CC(N)=O)[C@@H]1CCC(N)=O
CNP0545091.1,C[C@@H]1CCO[C@]([C@H]2CC[C@@]3(O)C4=CC(=O)[C@@H]5[C@@H]6C=C[C@@]78C=C(CCO)C[C@@]59[C@H]4[C@@H](CCC4=CC=CC=C4CC#C[C@@H](C4(CCCC4)C7)[C@@]89C[C@@H]6O)C[C@]23C)([C@H]2O[C@@H]2[C@](C)(O)[C@](C)(CO)CCC2=CC=NC(N)=C2)C1
CNP0548741.1,CC(=O)OC1=CC=C([C@@H]2[C@@H](C(=O)C3=CC=C(OC(C)=O)C=C3OC(C)=O)[C@H](C(=O)C3=CC=C(OC(C)=O)C=C3OC(C)=O)[C@H]2C2=CC=C(OC(C)=O)C=C2)C=C1
CNP0553949.1,CC1(C)C[C@H]2C[C@@](C)(CN2C(=O)NC2=CC=C3N=C(C4=CC=CC=N4)C(C4=CC=CC=N4)=NC3=C2)C1
CNP0561951.1,CC1=CC(C)=CC(C2=C3N=CC=C3C=[N+]2O[C@@H]2[C@@H](OC3=CC=C4C(=O)C(C5=CC=C(O)C=C5)=COC4=C3)O[C@@H]([C@@H](O)OC(=O)[C@H](NCCC=O)C(=O)[O-])[C@H](O)[C@]2(O)CO)=C1
CNP0566570.1,C[C@H]1CCO[C@]([C@H]2CC[C@@]3(O)C4=CC(=O)[C@@H]5[C@@H]6C=C[C@@]78C=CC[C@@]59[C@H]4[C@@H](CCC4=CC=CC=C4CC#C[C@@H](C4(CCCC4)C7)[C@@]89C[C@@H]6O)C[C@]23C)([C@H]2O[C@@H]2[C@](C)(O)[C@](C)(CO)CCC2=CC=NC(N)=C2)C1
CNP0570868.1,CN[C@H](C(=O)[O-])C(=O)O[C@H](O)[C@@H]1O[C@H](OC2=CC=C3C(=O)C(C4=CC=C(O)C=C4)=COC3=C2)[C@@H](O[N+]2=C(C3=CC(C)=CC(CCCCO)=C3)C3=NC=CC3=C2)[C@H](O)[C@H]1O
CNP0579946.0,CNC1C(O)=NC2C(O)=NC(C(O)=NC3C(O)=NC4C(O)=NC(C(O)=NC(C(=O)O)C5=CC(O)=CC(OC6OC(CO)C(O)C(O)C6O)=C5C5=CC4=CC=C5O)C(O)C4=CC(Cl)=C(OC5=CC3=CC(=C5OC3OC(NC(=O)CCCCCCCC(C)C)C(O)C(O)C3CO)OC3=CC=C(C=C3Cl)C2O)C(Cl)=C4)C2=C(Cl)C(O)=CC(=C2)OC2=C(O)C=CC1=C2
CNP0582744.1,CN[C@H](CCO)[C@@H](C(=O)[O-])C(=O)O[C@H](O)[C@@H]1O[C@H](OC2=CC=C3C(=O)C(C4=CC=C(O)C=C4)=COC3=C2)[C@@H](O[N+]2=C(C3=CC(C)=CC(C)=C3)C3=NC=CC3=C2)[C@H](O)[C@H]1O
CNP0586259.1,C[C@H](O)CNNC1=CC(CCO[C@@H]2[C@H]3OC4=C(C=C5C(=O)C6=CC=C(CO)C=C6C(=O)C5=C4OC[C@H](O)CC=O)[C@@H](C4=CC=CC=C4N4CN[C@@H]5C(=O)N[C@@H](N)N[C@@H]54)[C@H](CCCO)COC4(CCCC4)[C@H](O3)[C@H](O)[C@H]2O)=CC=N1
CNP0586283.1,CN[C@](O)(CCO)[C@@H](C(=O)[O-])C(=O)O[C@H](O)[C@@H]1O[C@H](OC2=CC=C3C(=O)C(C4=CC=C(O)C=C4)=COC3=C2)[C@@H](O[N+]2=C(C3=CC(C)=CC(C)=C3)C3=NC=CC3=C2)[C@H](O)[C@H]1O
CNP0591269.1,C[C@H](O)CNNC1=CC([C@H](CO)CO[C@@H]2[C@H]3OC4=C(C=C5C(=O)C6=CC=C(CO)C=C6C(=O)C5=C4OC[C@H](O)CC=O)[C@@H](C4=CC=CC=C4N4CN[C@H]5C(=O)N[C@@H](N)N[C@@H]54)[C@H](CCCO)COC[C@H](O3)[C@H](O)[C@H]2O)=CC=N1
CNP0592205.0,CC(=O)OC1C2CC(=C(C)C1C1(C3CC4CC(=C3C)C4(C)C)CC3CC(=C1C)C3(C)C)C2(C)C
CNP0592563.1,CC/C=C\C/C=C\C/C=C\CCCCCCCC(=O)OC[C@H](COP(=O)(O)OP(=O)(O)OC[C@H]1O[C@@H](N2C=CC(N)=NC2=O)C(O)[C@H]1O)OC(=O)CCCCCCC/C=C\C/C=C\C/C=C\CC
CNP0594702.1,CCOC(=O)[C@@H]1CCCN(C(=O)CCC(=O)O[C@@H]2O[C@@H]3O[C@]4(C)CC[C@H]5[C@H](C)CC[C@@H]([C@H]2C)[C@@]35OO4)C1
CNP0594702.2,CCOC(=O)[C@@H]1CCCN(C(=O)CCC(=O)O[C@@H]2O[C@@H]3O[C@]4(C)CC[C@@H]5[C@H](C)CC[C@H]([C@H]2C)[C@@]35OO4)C1
CNP0594702.3,CCOC(=O)[C@@H]1CCCN(C(=O)CCC(=O)O[C@@H]2O[C@@H]3O[C@]4(C)CC[C@@H]5[C@H](C)CC[C@@H]([C@H]2C)[C@@]35OO4)C1
CNP0594702.4,CCOC(=O)[C@@H]1CCCN(C(=O)CCC(=O)O[C@@H]2O[C@@H]3O[C@]4(C)CC[C@H]5[C@H](C)CC[C@H]([C@H]2C)[C@@]35OO4)C1
CNP0595801.0,OC1=CC=C2C=C1C1=CC(=CC=C1O)CC(O)C(O)CCC(O)C2
CNP0596445.1,CCCCCCCCCCCCCCCC(=O)NC(C[S+]([O-])CC(CO)C[C@@H]1C[C@H](O)[C@]2(C)O[C@@H]3C[C@@H]4O[C@@H]5C[C@]6(C)O[C@]7(C)CC[C@@H]8O[C@@H]9C[C@]%10(C)O[C@@H]%11C(C)=CC(=O)O[C@H]%11C[C@H]%10O[C@H]9C[C@@H](C)[C@H]8O[C@H]7C[C@H]6O[C@@]5(C)C/C=C\[C@H]4O[C@H]3C[C@H]2O1)C(=O)O
CNP0598724.1,COC1=CC(/C=C/C(=O)O[C@H]2[C@H](O[C@@H]3O[C@H](CO)[C@@H](O)[C@H](O)[C@H]3O)[C@@H](O[C@@H]3O[C@H](CO)[C@@H](O)[C@H](O)[C@H]3O)[C@@H](O[C@]3(COC(=O)/C=C/C4=CC=C(O)C=C4OC)O[C@H](CO)[C@@H](O)[C@@H]3OC(=O)C3=CC=CC=C3)O[C@@H]2COC(C)=O)=CC=C1O
CNP0600448.1,CC1=C2C(=N)C[C@@]3(C)C(=O)C(C)(C)[C@@H](C3=C2N)C(C)(C)C1=O
CNP0603814.1,CC1=C[C@H]2[C@@H](O)[C@H](C)[C@@H](O)[C@@H]2[C@H]2[C@@H]3[C@H]4C(=O)OC5CC[C@@](C)(O[C@@H]4[C@@H]5C)[C@@H]3C[C@@H]12
CNP0086402.0,CC(=O)CCC(=O)OCC1OC(OC2C(COCC3=CC=CC=C3)OC(OC3C(COCC4=CC=CC=C4)OC(OCC[Si](C)(C)C)C(OCC4=CC=CC=C4)C3OCC3=CC=CC=C3)C(OCC3=CC=CC=C3)C2OCC2=CC=CC=C2)C(NC(C)=O)C(O)C1O
CNP0090078.2,CN[C@@H]1[C@H]2C=C[C@@]3(C[C@](O)(C(=O)O)[C@H](CC4=CC=CC=C4)[C@@H](OC(=O)/C=C/C4=CC=C(O)C(O)=C4)[C@]13OC(=O)/C=C/C1=CC=C(O)C(O)=C1)OC2
CNP0092554.1,CCC1=CC=CC(C[C@@H]2[C@@H](OC(=O)/C=C/C3=CC=C(O)C(O)=C3)[C@@]3(OC(=O)/C=C/C4=CC=C(O)C(O)=C4)[C@@H](C[C@]2(O)C(=O)O)OCC[C@@]3(O)NC)=C1
CNP0092869.1,OC1=CC=C([C@H]2OC3=CC4=C([C@@H]5C6=C(O)C=C(O)C=C6O[C@@](C6=CC=C(O)C=C6)(O4)[C@@H]5O)[C@H](O)[C@@H]3C[C@@H]2O)C=C1
CNP0096801.1,NCCOC1=CC=C(/C=C/C(=O)CO[C@@]2(C(=O)O)C[C@@H](O)[C@H]3OC[C@@H](CCC4=CC=CC=C4)C[C@@H](C(=O)/C=C/C4=CC(O)=C(O)C=C4CO)O[C@]3([C@H](CO)NC3CCCCC3)C2)C=C1O
CNP0096825.1,NCCOC1=CC=C(/C=C/C(=O)CO[C@@]2(C(=O)O)C[C@@H](O)[C@H]3OC[C@@H](CCC4=CC=CC=C4)C[C@@H](C(=O)/C=C/C4=CC(O)=C(O)C=C4CO)O[C@]3([C@H](CO)NC3CCCC3)C2)C=C1O
CNP0099871.2,CN[C@]1(O)[C@H]2C=C[C@@]3(C[C@](O)(C(=O)O)[C@H](CC4=CC=CC=C4)[C@@H](OC(=O)/C=C/C4=CC=C(O)C(O)=C4)[C@@]31OC(=O)/C=C/C1=CC=C(O)C(O)=C1)OC2
CNP0102202.1,CN[C@@]1(O)[C@H]2C=C(O)[C@@]3(C[C@](O)(C(=O)O)[C@H](CC4=CC=CC=C4)[C@@H](OC(=O)/C=C(\O)C4=CC=C(O)C(O)=C4)[C@]13OC(=O)/C=C/C1=CC=C(O)C(O)=C1)OC2
CNP0103337.1,O=C(OC1=CC([C@H]2OC3=C(C(O)=CC(O)=C3[C@H]3C4=C(O)C=C(O)C=C4O[C@H](C4=CC=C(O)C(O)=C4)[C@H]3O)[C@H](C3=C(O)C=C(O)C4=C3O[C@@H](C3=CC=C(O)C(O)=C3)[C@H](O)C4)[C@@H]2O)=CC(OC(=O)C2=CC(O)=C(O)C(O)=C2)=C1OC(=O)C1=CC(O)=C(O)C(O)=C1)C1=CC(O)=C(O)C(O)=C1
CNP0103805.1,COC1=CC(/C=C/C(=O)OC[C@H]2O[C@@H](OCCC3=CC=C(O)C(O)=C3)[C@H](O[C@@H]3OC[C@](O)(CO)[C@H]3O)[C@@H](O[C@@H]3O[C@@H](C)[C@H](O)[C@@H](O)[C@H]3O)[C@@H]2O)=CC=C1O
CNP0114563.1,CCC(C)CCCCCCCCCCCCC(O)C(CO[C@@H]1O[C@@H]([C@H](O)CO)[C@H](O)[C@H]1O)NC(=O)C(O)CCCCCCCCCCCC(C)CC
CNP0114563.2,CC[C@@H](C)CCCCCCCCCCC[C@@H](O)C(=O)N[C@@H](CO[C@@H]1O[C@@H]([C@H](O)CO)[C@H](O)[C@H]1O)[C@@H](O)CCCCCCCCCCCC[C@@H](C)CC
CNP0120416.1,COC1=CC(/C=C/C(=O)OC[C@H]2O[C@@](CO)(O[C@H]3O[C@H](COC(C)=O)[C@@H](OC(=O)/C=C/C4=CC=C(O)C=C4)[C@H](O)[C@H]3O)[C@@H](OC(=O)/C=C/C3=CC=C(O)C(OC)=C3)[C@@H]2O)=CC=C1O
CNP0121175.6,CC1(C)OC(=O)C=C[C@@]2(C)[C@@H]1CC(=O)[C@]1(C)[C@@H]2CC[C@@]2(C)[C@H](C3=C[C@@H](O)OC3=O)OC(=O)[C@@H]3O[C@]321
CNP0123099.1,CC[C@]12SS[C@]3(C(=O)N1C)[C@@H](O)[C@]1([C@@]45C6=CC=CC=C6N[C@@H]4N4C(=O)[C@]6(C(C)O)SS[C@]4(C(=O)N6C)[C@H]5O)C4=CC=CC=C4N[C@@H]1N3C2=O
CNP0123147.1,CC(=O)OC1=CC(OC(C)=O)=C2C(=C1)O[C@H](C1=CC(OC(C)=O)=C(OC(C)=O)C(OC(C)=O)=C1)[C@H](OC(=O)C1=CC(OC(C)=O)=C(OC(C)=O)C(OC(C)=O)=C1)[C@H]2C1=C(OC(C)=O)C=C(OC(C)=O)C2=C1O[C@H](C1=CC(OC(C)=O)=C(OC(C)=O)C(OC(C)=O)=C1)[C@@H](OC(C)=O)C2
CNP0124378.1,COC1=CC([C@@H]2CC(=O)C3[C@H](O)C4C(C#C[C@@H]2CC2=CC=CC=C2)[C@H]2CC#C[C@]56C=C[C@@H]3C3=CC7=CC(=C35)C[C@H](CSSCC3=C5C=C([C@@H](O)C[C@@H]5C5=C[C@@H]8CCCC89C[C@]58[C@H]3C[C@H](N2)[C@@]42C3=CC(O)=C(O)C=C3[C@@H]9C[C@@H]82)C72CCCCC2)[C@H]6O)=C(CO)C=C1O
CNP0130770.1,COC1=CC(C=CC(=O)OC[C@H]2O[C@@H](O[C@@H]3[C@@H](O[C@H]4OC[C@@H](O)[C@@H](O)[C@@H]4O)[C@H](OCCC4=CC=C(O)C(O)=C4)O[C@H](CO)[C@H]3OC(=O)C=CC3=CC=C(O)C(O)=C3)[C@H](O)[C@@H](O)[C@@H]2O)=CC=C1O
CNP0130770.2,COC1=CC(/C=C/C(=O)OC[C@H]2O[C@@H](O[C@@H]3[C@@H](O[C@H]4OC[C@@H](O)[C@@H](O)[C@@H]4O)[C@H](OCCC4=CC=C(O)C(O)=C4)O[C@H](CO)[C@H]3OC(=O)/C=C/C3=CC=C(O)C(O)=C3)[C@H](O)[C@@H](O)[C@@H]2O)=CC=C1O
CNP0133569.1,COC1=CC(/C=C/C(=O)OC[C@H]2O[C@@](COC(=O)/C=C/C3=CC=C(O)C=C3)(O[C@H]3O[C@H](COC(C)=O)[C@@H](OC(C)=O)[C@H](O)C3OC(C)=O)[C@@H](OC(=O)/C=C/C3=CC=C(O)C(OC)=C3)[C@@H]2O)=CC=C1O
CNP0243746.40,CC[C@H]1[C@@H]2C[C@H]3[C@@H]4N(C)C5=CC=CC=C5[C@]45C[C@@H]([C@@H]2[C@H]5O)N3[C@H]1O
CNP0243746.41,CC[C@H]1[C@H]2C[C@H]3[C@@H]4N(C)C5=CC=CC=C5[C@@]45C[C@@H]([C@H]2[C@H]5O)N3[C@@H]1O
CNP0243746.42,CC[C@@H]1[C@H]2C[C@@H]3[C@H]4N(C)C5=CC=CC=C5[C@]45C[C@@H]([C@@H]2[C@@H]5O)N3[C@@H]1O
CNP0243746.43,CC[C@H]1[C@H]2C[C@@H]3[C@H]4N(C)C5=CC=CC=C5[C@@]45C[C@@H]([C@H]2[C@H]5O)N3[C@H]1O
CNP0243746.44,CC[C@@H]1[C@H]2C[C@H]3[C@@H]4N(C)C5=CC=CC=C5[C@@]45C[C@@H]([C@H]2[C@@H]5O)N3[C@@H]1O
CNP0243746.45,CC[C@@H]1[C@H]2C[C@H]3[C@@H]4N(C)C5=CC=CC=C5[C@@]45C[C@@H]([C@@H]2[C@H]5O)N3[C@@H]1O
CNP0243746.47,CC[C@H]1[C@H]2C[C@H]3[C@@H]4N(C)C5=CC=CC=C5[C@]45C[C@@H]([C@H]2[C@@H]5O)N3[C@@H]1O
CNP0243746.49,CC[C@@H]1[C@H]2C[C@@H]3[C@H]4N(C)C5=CC=CC=C5[C@@]45C[C@@H]([C@H]2[C@@H]5O)N3[C@H]1O
CNP0243746.50,CC[C@H]1[C@H]2C[C@H]3[C@H]4N(C)C5=CC=CC=C5[C@]45C[C@@H]([C@H]2[C@@H]5O)N3[C@@H]1O
CNP0243746.51,CC[C@H]1[C@H]2C[C@H]3[C@@H]4N(C)C5=CC=CC=C5[C@]45C[C@@H]([C@H]2[C@@H]5O)N3[C@H]1O
CNP0243746.52,CC[C@@H]1[C@@H]2C[C@@H]3[C@H]4N(C)C5=CC=CC=C5[C@]45C[C@@H]([C@@H]2[C@@H]5O)N3[C@@H]1O
CNP0243746.53,CC[C@H]1[C@@H]2C[C@H]3[C@@H]4N(C)C5=CC=CC=C5[C@]45C[C@@H]([C@@H]2[C@H]5O)N3[C@@H]1O
CNP0243746.54,CC[C@H]1[C@@H]2C[C@@H]3[C@@H]4N(C)C5=CC=CC=C5[C@]45C[C@@H]([C@@H]2[C@H]5O)N3[C@@H]1O
CNP0243746.55,CC[C@H]1[C@H]2C[C@H]3[C@@H]4N(C)C5=CC=CC=C5[C@]45C[C@@H]([C@@H]2[C@@H]5O)N3[C@H]1O
CNP0243746.56,CC[C@@H]1[C@@H](O)N2C3C[C@H]1C1C(O)[C@]4(C[C@@H]12)C1=CC=CC=C1N(C)[C@@H]34
CNP0243746.58,CC[C@@H]1[C@H]2C[C@H]3[C@@H]4N(C)C5=CC=CC=C5[C@@]45C[C@@H]([C@@H]2[C@@H]5O)N3[C@H]1O
CNP0243746.59,CC[C@H]1[C@H]2C[C@H]3[C@@H]4N(C)C5=CC=CC=C5[C@@]45C[C@@H]([C@@H]2[C@H]5O)N3[C@@H]1O
CNP0243746.60,CC[C@@H]1[C@H]2C[C@@H]3[C@H]4N(C)C5=CC=CC=C5[C@@]45C[C@@H]([C@H]2[C@@H]5O)N3[C@@H]1O
CNP0243746.61,CC[C@H]1[C@H]2C[C@H]3[C@H]4N(C)C5=CC=CC=C5[C@]45C[C@@H]([C@H]2[C@@H]5O)[N@@]3[C@@H]1O
CNP0246711.1,CC(=O)OC1=CC=C(C(=O)O[C@@H]2CC3=C(OC(C)=O)C=C(OC(C)=O)C([C@H]4C5=C(OC(C)=O)C=C(OC(C)=O)C=C5O[C@H](C5=CC(OC(C)=O)=C(OC(C)=O)C(OC(C)=O)=C5)[C@@H]4OC(C)=O)=C3O[C@@H]2C2=CC(OC(C)=O)=C(OC(C)=O)C(OC(C)=O)=C2)C=C1
CNP0253706.3,COC(=O)[C@@]1(O)C[C@H]2O[C@@]1(C)N1C3=CC=CC=C3C3=C4CNC(=O)C4=C4C5=CC=CC=C5N2C4=C31
CNP0256693.1,COC1=CC(/C=C/C(=O)O[C@H]2[C@H](O[C@@H]3O[C@H](CO)[C@@H](O)[C@H](O)[C@H]3O)[C@@H](O[C@@H]3O[C@H](CO)[C@@H](O)[C@H](O)[C@H]3O)[C@H](OCCC3=CC=C(O)C(O)=C3)O[C@@H]2CO)=CC=C1O
CNP0257732.1,COC1=CC(N[C@@H](C)CCCN2C(=O)[C@H](C(N)=O)[C@H]3C[C@@]2(C)OC2=CC=CC=C23)=C2N=CC=CC2=C1
CNP0257732.2,COC1=CC(N[C@H](C)CCCN2C(=O)[C@@H](C(N)=O)[C@H]3C[C@@]2(C)OC2=CC=CC=C23)=C2N=CC=CC2=C1
CNP0257732.3,COC1=CC(N[C@@H](C)CCCN2C(=O)[C@@H](C(N)=O)[C@H]3C[C@@]2(C)OC2=CC=CC=C23)=C2N=CC=CC2=C1
CNP0178411.1,CC(=O)OC1=CC=C([C@H]2OC3=C([C@H]4C5=C(OC(C)=O)C=C(OC(C)=O)C([C@H]6C7=C(OC(C)=O)C=C(OC(C)=O)C=C7O[C@H](C7=CC=C(OC(C)=O)C=C7)[C@H]6OC(C)=O)=C5O[C@H](C5=CC=C(OC(C)=O)C=C5)[C@H]4OC(C)=O)C(OC(C)=O)=CC(OC(C)=O)=C3[C@H](OC(C)=O)[C@@H]2OC(C)=O)C=C1
CNP0179318.2,OC1=CC(O)=C2C(=C1)O[C@@]1(C3=CC=C(O)C(O)=C3)OC3=CC(O)=C4C(=C3[C@H]2[C@H]1O[C@@H]1OC[C@H](O)[C@H](O)[C@H]1O)O[C@H](C1=CC=C(O)C(O)=C1)[C@H](O)C4C1=C(O)C=C(O)C2=C1O[C@H](C1=CC=C(O)C(O)=C1)[C@H](O)C2
CNP0181111.1,COC1=CC(/C=C/C(=O)O[C@H]2[C@H](O[C@@H]3O[C@@H](C)[C@H](O[C@@H]4OC[C@](O)(CO)[C@H]4O)[C@@H](O)[C@H]3O)[C@@H](O)[C@H](OCCC3=CC=C(O)C(O)=C3)O[C@@H]2CO)=CC=C1O
CNP0182554.1,CN[C@H]1[C@@H](O[C@@H]2/C3=C/C#C[C@H]4O[C@@]4([C@H]4COC(=O)O4)C#CC3=C[C@H]2OC(=O)C2=C(O)C=CC3=C(C)C=C(OC)C=C23)O[C@H](C)[C@H](O)[C@@H]1O
CNP0182554.2,CNC1C(O[C@H]2/C3=C/C#C[C@H]4O[C@@]4(C4COC(=O)O4)C#CC3=C[C@@H]2OC(=O)C2=C(O)C=CC3=C(C)C=C(OC)C=C23)OC(C)C(O)C1O
CNP0189036.1,COC(=O)CCCCCCCCO[C@@H]1O[C@H](C)[C@@H](O[C@H]2O[C@@H](COCC3=CC=CC=C3)[C@H](OCC3=CC=CC=C3)[C@@H](OCC3=CC=CC=C3)[C@@H]2O[C@H]2O[C@@H](COC(C)=O)[C@H](OC(=O)C3=CC=CC=C3)[C@@H](OC(=O)C3=CC=CC=C3)[C@@H]2OC(C)=O)[C@H](OC(C)=O)[C@H]1OC(C)=O
CNP0189869.1,O=C(OC[C@H]1O[C@@H](OC2=CC(O)=C3C(=C2)O[C@H](C2=CC=C(O)C(O)=C2)[C@@H](OC(=O)C2=CC(O)=C(O)C(O)=C2)[C@@H]3C2=C(O)C=C(O)C3=C2O[C@H](C2=CC=C(O)C(O)=C2)[C@H](OC(=O)C2=CC(O)=C(O)C(O)=C2)[C@H]3C2=C(O)C=C(O)C3=C2O[C@H](C2=CC=C(O)C(O)=C2)[C@H](OC(=O)C2=CC(O)=C(O)C(O)=C2)[C@H]3C2=C(O)C=C(O[C@@H]3O[C@H](CO)[C@@H](O)[C@H](O)[C@H]3O)C3=C2O[C@H](C2=CC=C(O)C(O)=C2)[C@H](OC(=O)C2=CC(O)=C(O)C(O)=C2)C3)[C@H](O)[C@@H](O)[C@@H]1O)C1=CC(O)=C(O)C(O)=C1
CNP0194653.1,COC1=CC(C=CC(=O)O[C@H]2[C@H](O[C@@H]3O[C@H](CO)[C@@H](O)[C@H](O)[C@H]3O)[C@@H](O[C@H]3OC[C@@H](O)[C@@H](O)[C@@H]3O)[C@H](OCCC3=CC=C(O)C(O)=C3)O[C@@H]2CO)=CC=C1O
CNP0194653.2,COC1=CC(/C=C/C(=O)O[C@H]2[C@H](O[C@@H]3O[C@H](CO)[C@@H](O)[C@H](O)[C@H]3O)[C@@H](O[C@H]3OC[C@@H](O)[C@@H](O)[C@@H]3O)[C@H](OCCC3=CC=C(O)C(O)=C3)O[C@@H]2CO)=CC=C1O
CNP0197576.1,C[C@@H]1N[C@H]2N(C1=O)C1=CC=CC=C1[C@@]21C[C@H]2C(=O)N(C)[C@H](O1)C1=NC3=CC=CC=C3C(=O)N12
CNP0200496.1,COC1=CC(/C=C/C(=O)OC[C@H]2O[C@@](COC(=O)/C=C/C3=CC=C(O)C=C3)(O[C@H]3O[C@H](COC(C)=O)[C@@H](O)[C@H](O)[C@H]3OC(C)=O)[C@@H](OC(=O)/C=C/C3=CC=C(O)C(OC)=C3)[C@@H]2O)=CC=C1O
CNP0203440.1,O=C(O[C@@H]1[C@@H](C2=C(O)C=C(O)C3=C2O[C@H](C2=CC(O)=C(O)C(O)=C2)[C@H](OC(=O)C2=CC(O)=C(O)C(O)=C2)C3)C2=C(O)C=C(O)C([C@H]3C4=C(O)C=C(O)C([C@H]5C6=C(O)C=C(O[C@@H]7O[C@H](CO[C@@H]8O[C@H](CO[C@@H]9O[C@H](CO[C@@H]%10O[C@H](CO)[C@@H](O)[C@H](O)[C@H]%10O)[C@@H](O)[C@H](O)[C@H]9O)[C@@H](O)[C@H](O)[C@H]8O)[C@@H](O)[C@H](O)[C@H]7O)C=C6O[C@H](C6=CC(O)=C(O)C(O)=C6)[C@@H]5OC(=O)C5=CC(O)=C(O)C(O)=C5)=C4O[C@H](C4=CC(O)=C(O)C(O)=C4)[C@@H]3OC(=O)C3=CC(O)=C(O)C(O)=C3)=C2O[C@@H]1C1=CC(O)=C(O)C(O)=C1)C1=CC(O)=C(O)C(O)=C1
CNP0210447.1,NCCOC1=CC=C(/C=C/C(=O)CO[C@@]2(C(=O)O)C[C@@H](O)[C@H]3OC[C@@H](CCC4=CC=CC=C4)C[C@@H](C(=O)/C=C/C4=CC(O)=C(O)C=C4CO)O[C@]3(CNC3CCCCC3)C2)C=C1O
CNP0217627.3,COC1=CC(/C=C/C(=O)O[C@@H]2[C@@H](OC3=CC(O)=CC4=C3C[C@H](O)[C@@H](C3=CC=C(O)C(O)=C3)O4)O[C@@H](COC(=O)/C=C/C3=CC=C(O)C=C3)[C@H](O)[C@H]2O)=CC=C1O
CNP0217627.4,COC1=CC(/C=C/C(=O)O[C@H]2[C@H](OC3=CC(O)=CC4=C3C[C@H](O)[C@@H](C3=CC=C(O)C(O)=C3)O4)O[C@H](COC(=O)/C=C/C3=CC=C(O)C=C3)[C@@H](O)[C@@H]2O)=CC=C1O
CNP0219413.1,COC1=CC(/C=C/C(=O)O[C@H]2[C@H](O[C@@H]3O[C@@H](C)[C@H](O)[C@@H](O)[C@H]3O)[C@@H](O[C@@H]3OC[C@H](O)[C@H](O)[C@H]3O)[C@H](OCCC3=CC=C(O)C(O)=C3)O[C@@H]2CO)=CC=C1O
CNP0219413.2,COC1=CC(/C=C/C(=O)O[C@@H]2[C@@H](O[C@H]3O[C@@H](C)[C@H](O)[C@@H](O)[C@@H]3O)[C@H](O[C@H]3OC[C@H](O)[C@@H](O)[C@@H]3O)[C@@H](OCCC3=CC=C(O)C(O)=C3)O[C@H]2CO)=CC=C1O
CNP0219413.3,COC1=CC(/C=C\C(=O)O[C@H]2[C@H](O[C@@H]3O[C@@H](C)[C@H](O)[C@@H](O)[C@@H]3O)[C@@H](O[C@H]3OC[C@H](O)[C@@H](O)[C@@H]3O)[C@@H](OCCC3=CC=C(O)C(O)=C3)O[C@@H]2CO)=CC=C1O
CNP0223587.4,C=C(C)[C@@H]1CC(=O)[C@H]2[C@H](C1)[C@@H]1C(=O)O[C@@H]3C[C@@]4(C)O[C@H]2C(=O)[C@@H]4[C@H]13
CNP0226619.3,CN1C(=O)C23SSSS[C@]1(C)C(=O)N2[C@H]1NC2=CC=CC=C2[C@@]1([C@@]12C4=CC=CC=C4N[C@@H]1N1C(=O)[C@@]4(C)SS[C@]1(C(=O)N4C)[C@H]2O)[C@@H]3O
CNP0229226.2,CC(C)[C@@]12SS[C@]3(C(=O)N1C)[C@@H](O)[C@]1([C@]45C6=CC=CC=C6N[C@H]4N4C(=O)[C@@]6(CO)SS[C@]4(C(=O)N6C)[C@H]5O)C4=CC=CC=C4N[C@@H]1N3C2=O
CNP0231459.2,C[C@H]1[C@H](O)[C@@]2(O[C@H]3C[C@]4(O)C5=CC(=O)[C@H]6[C@H](C7=CC=C(O)C(O)=C7)[C@@H](O)[C@@H](OCCCO)C[C@]6(C)[C@@H]5CC[C@]4(C)[C@@H]3[C@]2(O)CCO)[C@H]2C=C[C@@]1(C)CC2
CNP0335311.3,C=C/C=C/CC/C=C/C=C/C=C/CC/C=C/C(O)C(O)[C@@H]1OC(C(O)[C@H](O)C(=C)CCC(O)[C@H]2C[C@@H](O)C(O)[C@H](C(O)[C@H](O)/C=C(\C)CCC(O)CC(O)[C@H](O)[C@@H](C)CC(O)C(O)CCCCCC(O)CCCC(O)/C=C/CC(O)/C=C/C[C@H](O)CO)O2)C[C@@H](O)[C@H]1O
CNP0335311.4,C=C/C=C/CC/C=C/C=C/C=C/CC/C=C/[C@H](O)[C@H](O)[C@@H]1O[C@@H]([C@H](O)[C@H](O)C(=C)CC[C@@H](O)[C@H]2C[C@@H](O)[C@@H](O)[C@H]([C@@H](O)[C@H](O)/C=C(\C)CC[C@H](O)C[C@H](O)[C@H](O)[C@@H](C)C[C@H](O)[C@@H](O)CCCCC[C@@H](O)CCC[C@@H](O)/C=C/C[C@@H](O)/C=C/C[C@@H](O)CO)O2)C[C@@H](O)[C@H]1O
CNP0336344.2,C=C/C=C/CC/C=C/C=C/C=C/CC/C=C/[C@H](O)[C@@H](O)[C@H]1O[C@@H]([C@@H](O)[C@@H](O)C(=C)CC[C@@H](O)[C@H]2C[C@@H](O)[C@H](O)[C@@H]([C@@H](O)[C@@H](O)/C=C(\C)CC[C@@H](O)C[C@@H](O)[C@@H](O)[C@@H](C)C[C@@H](O)[C@@H](O)[C@H](C)CC[C@H](O)CCC[C@H](O)CCC[C@H](O)CCC[C@@H](O)/C=C/C[C@H](CO)OS(=O)(=O)O)O2)C[C@@H](O)[C@@H]1O
CNP0337518.2,CC[C@H]1[C@H]2C[C@@H]3[C@@H]4N(C)C5=CC=CC=C5[C@@]45C[C@H]([C@H]2[C@H]5OC(C)=O)N3[C@H]1OC(C)=O
CNP0337518.3,CC[C@@H]1[C@@H](OC(C)=O)N2C3C[C@H]1C1C(OC(C)=O)[C@]4(C[C@@H]12)C1=CC=CC=C1N(C)[C@@H]34
CNP0339712.1,CN[C@H]1[C@@H](O[C@@H]2/C3=C/C#C[C@H]4O[C@@]4([C@@H]4COC(=O)O4)C#CC3=C[C@H]2OC(=O)C2=C(C)C=CC3=C(C)C=C(OC)C=C23)O[C@H](C)[C@H](O)[C@@H]1O
CNP0341873.1,C[C@]1(N)N[C@H]2N(C1=O)C1=CC=CC=C1[C@]21C[C@H]2C(O)=N[C@](C)(O1)C1=NC3=CC=CC=C3C(=O)N12
CNP0342409.1,CC=C=CCC(=O)O[C@@H]1C[C@](C)(C(C)C(=O)OC)C(CC(=O)OC)[C@@]2(COC(C)=O)C1C1(C(C)=C[C@H](OC(C)=O)[C@@]3(C)[C@@H](OC(C)=O)C[C@@]4(C)CC13OC4=O)[C@@H](C)[C@@H]2OC(C)=O
CNP0344218.1,COC1=CC2=C(C=C1O)CCN[C@]21CS[C@@H]2C3=C(C4=C(OCO4)C(C)=C3OC(=O)CCCC[C@@H]3SCC4NC(=O)NC43)[C@H](COC1=O)N1C2C2C3=C(C=C(C)C(OC)=C3OC(=O)CCCCC3SCC4NC(=O)NC43)CC([C@@H]1C#N)N2C
CNP0347061.1,C=CCC/C=C/C=C/C=C/CC/C=C/[C@H](O)[C@@H](O)[C@H]1O[C@@H]([C@@H](O)[C@@H](O)C(=C)CC[C@@H](O)[C@H]2C[C@@H](O)[C@H](O)[C@@H]([C@@H](O)[C@@H](O)/C=C(\C)CC[C@@H](O)C[C@@H](O)[C@@H](O)[C@H](C)[C@H](O)[C@H](O)C/C=C/C[C@@H](O)/C=C/C[C@H](O)CCC[C@H](O)CCC[C@H](O)CO)O2)C[C@@H](O)[C@@H]1O
CNP0356027.1,O=C(OC[C@H]1O[C@@H](OC[C@H]2O[C@@H](OC[C@H]3O[C@@H](OC[C@H]4O[C@@H](OC5=CC(O)=C6C(=C5)O[C@H](C5=CC(O)=C(O)C(O)=C5)[C@@H](O)[C@@H]6C5=C(O)C=C(O)C6=C5O[C@H](C5=CC(O)=C(O)C(O)=C5)[C@@H](O)[C@@H]6C5=C(O)C=C(O)C6=C5O[C@H](C5=CC(O)=C(O)C(O)=C5)[C@H](O)[C@@H]6C5=C(O)C=C(O)C6=C5O[C@H](C5=CC(O)=C(O)C(O)=C5)[C@H](O)[C@@H]6C5=C(O)C=C(O)C6=C5O[C@H](C5=CC(O)=C(O)C(O)=C5)[C@H](O)[C@H]6C5=C(O)C=C(O)C6=C5O[C@H](C5=CC=C(O)C(O)=C5)[C@@H](O)C6)[C@H](O)[C@@H](O)[C@@H]4O)[C@H](O)[C@@H](O)[C@@H]3O)[C@H](O)[C@@H](O)[C@@H]2O)[C@H](O)[C@@H](O)[C@@H]1O)C1=CC(O)=C(O)C(O)=C1
CNP0358280.1,CC(=O)OC[C@H]1O[C@H](O[C@H]2[C@H](O[C@H]3C(=O)C4=C(OC(C)=O)C=C(OC(C)=O)C=C4O[C@@H]3C3=CC=C(OC(C)=O)C(OC(C)=O)=C3)O[C@H](COC(C)=O)[C@@H](OC(C)=O)[C@@H]2OC(C)=O)[C@H](OC(C)=O)[C@@H](OC(C)=O)[C@@H]1O
CNP0359865.3,C=CC[C@@]12C=C(OC)C(=O)[C@](OC)([C@H](C3=CC=C4OCOC4=C3)[C@H]1C)[C@@H]2O
CNP0363061.1,CC(=O)O[C@H]1C[C@@H](O)CC[C@@]2(C#C[C@H]3CCC[C@H]4C[C@H](CCN4)OC4=C(O)C=C(CO)C(=C4)C[C@@H]13)CNC(=N)NC[N@@]1CC3C[C@@H](C1)C[N@](C[C@@H]2O)[C@@H]3CO
CNP0365299.1,C[C@@H]1O[C@@H](O[C@@H]2[C@@H](O[C@H]3OC[C@@H](O)[C@@H](O)[C@@H]3O)[C@H](OCCC3=CC=C(O)C(O)=C3)O[C@H](CO)[C@H]2OC(=O)C=CC2=CC=C(O)C(O)=C2)[C@H](O)[C@H](O)[C@H]1O
CNP0365299.10,C[C@H]1O[C@@H](O[C@H]2[C@H](O[C@@H]3OC[C@@H](O)[C@H](O)[C@@H]3O)[C@@H](OCCC3=CC=C(O)C(O)=C3)O[C@@H](CO)[C@@H]2OC(=O)/C=C/C2=CC=C(O)C(O)=C2)[C@H](O)[C@H](O)[C@H]1O
CNP0365299.11,C[C@@H]1O[C@H](O[C@H]2[C@H](O[C@H]3OC[C@H](O)[C@@H](O)[C@@H]3O)[C@@H](OCCC3=CC=C(O)C(O)=C3)O[C@@H](CO)[C@@H]2OC(=O)/C=C\C2=CC=C(O)C(O)=C2)[C@@H](O)[C@H](O)[C@H]1O
CNP0276158.1,CN[C@H]1[C@@H](O[C@H]2C3CC#C[C@H]4O[C@@]4([C@@H]4COC(=O)O4)C#CC3=C[C@H]2OC(=O)C2=C(O)C=CC3=C(C)C=C(OC)C=C23)O[C@H](C)[C@H](O)[C@@H]1O
CNP0279055.1,COC1=CC(/C=C/C(=O)OC[C@H]2O[C@@](COC(=O)/C=C/C3=CC=C(O)C=C3)(O[C@H]3O[C@H](COC(C)=O)[C@@H](O)[C@H](O)[C@H]3OC(C)=O)[C@@H](OC(=O)/C=C/C3=CC=C(O)C=C3)[C@@H]2O)=CC=C1O
CNP0279055.2,COC1=CC(/C=C/C(=O)OC[C@H]2O[C@@](COC(=O)/C=C/C3=CC=C(O)C=C3)(O[C@H]3O[C@H](COC(C)=O)[C@H](O)[C@H](O)[C@H]3OC(C)=O)[C@@H](OC(=O)/C=C/C3=CC=C(O)C=C3)[C@@H]2O)=CC=C1O
CNP0279734.1,O=C(/C=C/C1=CC=C(O)C(O)=C1)O[C@H]1[C@H](O[C@@H]2OC[C@](O)(CO)[C@H]2O)[C@@H](O[C@@H]2OC[C@@H](O)[C@H](O)[C@H]2O)[C@H](OCCC2=CC=C(O)C(O)=C2)O[C@@H]1CO
CNP0282702.3,CC1(C)C[C@@](O)(C[C@@H]2CC[C@@]34C(=O)O[C@](C)(CC[C@@H]3Br)[C@@H]24)CC[C@@H]1Br
CNP0286114.1,COC1=CC(/C=C/C(=O)OC[C@H]2O[C@@H](OC3=CC4=C(O[C@@H]5O[C@H](COC(=O)CC(=O)O)[C@@H](O)[C@H](O)[C@H]5O)C=C(O)C=C4O[C@@H]3C3=CC=C(O)C(O)=C3)[C@H](O[C@@H]3OC[C@@H](O)[C@H](O)[C@H]3O)[C@@H](O)[C@@H]2O)=CC=C1O
CNP0286655.1,C=C(CC1=CC2=CC=CC=C2N1)[C@]12[C@@H]3C#C[C@H](N/C(=N\CCCO)NC)C[C@@]4(O)[C@H]5[C@H]1CC[C@@H]1[C@H]2C(=CC[C@@]1(O)[C@H]5C[C@@H]4O)C=C3
CNP0286793.2,CC(C)C12SSSS[C@]3(C(=O)N1C)[C@@H](O)C1([C@]45C6=CC=CC=C6N[C@H]4N4C(=O)[C@]6(C(C)C)SS[C@@]4(C(=O)N6C)[C@H]5O)C4=CC=CC=C4N[C@@H]1N3C2=O
CNP0286793.3,CC(C)[C@]12SSSS[C@]3(C(=O)N1C)[C@@H](O)[C@]1([C@]45C6=CC=CC=C6N[C@H]4N4C(=O)[C@@]6(C(C)C)SS[C@@]4(C(=O)N6C)[C@H]5O)C4=CC=CC=C4N[C@@H]1N3C2=O
CNP0287366.1,COC(=O)[C@@]1(OC)C[C@H]2O[C@@]1(C)N1C3=CC=CC=C3C3=C4CN(C)C(=O)C4=C4C5=CC=CC=C5N2C4=C31
CNP0287366.2,COC(=O)[C@@]1(OC)C[C@@H]2O[C@]1(C)N1C3=CC=CC=C3C3=C4CN(C)C(=O)C4=C4C5=CC=CC=C5N2C4=C31
CNP0288958.1,COC1=CC([C@@H]2[C@H]3CO[C@]4(O)C(=O)[C@H]2C=C([C@@H]2CC(=O)C5=C(O)C=C(O)C=C5O2)[C@H]34)=CC=C1O
CNP0294832.1,CC(=O)OC[C@H]1O[C@@H](OCCC2=CC=C(O)C(O)=C2)[C@H](O[C@@H]2OC[C@](O)(CO)[C@H]2O)[C@@H](O[C@@H]2O[C@@H](C)[C@H](O)[C@@H](O)[C@H]2O)[C@@H]1OC(=O)/C=C/C1=CC=C(O)C(O)=C1
CNP0294832.2,CC(=O)OC[C@H]1O[C@@H](OCCC2=CC=C(O)C(O)=C2)[C@H](O[C@@H]2OC[C@](O)(CO)[C@@H]2O)[C@@H](O[C@@H]2O[C@@H](C)[C@H](O)[C@@H](O)[C@H]2O)[C@@H]1OC(=O)/C=C/C1=CC=C(O)C(O)=C1
CNP0295090.1,C=C1C(=O)[C@@]23C[C@H]1CC1O[C@H]4OC[C@]5([C@H](CC[C@@](C)(COC(C)=O)[C@@H]45)OC2=O)[C@H]13
CNP0295707.1,O=C(OC[C@H]1O[C@@H](OC[C@H]2O[C@@H](OC[C@H]3O[C@@H](OC[C@H]4O[C@@H](OC5=CC(O)=C6C(=C5)O[C@H](C5=CC=C(O)C(O)=C5)[C@H](OC(=O)C5=CC(O)=C(O)C(O)=C5)[C@H]6C5=C(O)C=C6O[C@H](C7=CC=C(O)C(O)=C7)[C@H](O)[C@@H](C7=C(O)C=C8O[C@H](C9=CC=C(O)C(O)=C9)[C@H](O)[C@@H](C9=C(O)C=C%10O[C@H](C%11=CC=C(O)C(O)=C%11)[C@H](O)[C@@H](C%11=C(O)C=C%12C(=C%11O)O[C@H](C%11=CC=C(O)C(O)=C%11)[C@H](O)[C@H]%12C%11=C(O)C=C%12C[C@@H](O)[C@@H](C%13=CC(O)=C(O)C(O)=C%13)OC%12=C%11O)C%10=C9O)C8=C7O)C6=C5O)[C@H](O)[C@@H](O)[C@@H]4O)[C@H](O)[C@@H](O)[C@@H]3O)[C@H](O)[C@@H](O)[C@@H]2O)[C@H](O)[C@@H](O)[C@@H]1O)C1=CC(O)=C(O)C(O)=C1
CNP0299169.1,COC1=CC(/C=C/C(=O)O[C@H]2[C@H](O[C@@H]3O[C@@H](C)[C@H](O)[C@@H](O)[C@H]3O)[C@@H](O[C@@H]3O[C@H](CO)[C@H](O)[C@H](O)[C@H]3O)[C@H](OCCC3=CC=C(O)C(O)=C3)O[C@@H]2CO)=CC=C1O
CNP0299169.2,COC1=CC(/C=C/C(=O)O[C@H]2[C@H](O[C@@H]3O[C@@H](C)[C@H](O)[C@@H](O)[C@H]3O)[C@@H](O[C@@H]3O[C@H](CO)[C@@H](O)[C@H](O)[C@H]3O)[C@H](OCCC3=CC=C(O)C(O)=C3)O[C@@H]2CO)=CC=C1O
